End Station,End Latitude,End Longitude,Total Trips Ended
1 Ave & E 110 St,40.7923272,-73.9383,10451
1 Ave & E 16 St,40.73221853,-73.98165557,49493
1 Ave & E 18 St,40.73381219,-73.98054421,39268
1 Ave & E 30 St,40.74144387,-73.97536082,26096
1 Ave & E 39 St,40.74714,-73.97113,12800
1 Ave & E 44 St,40.75001986,-73.96905301,18730
1 Ave & E 5 St,40.725864,-73.986389,15488
1 Ave & E 62 St,40.7612274,-73.96094022,36764
1 Ave & E 68 St,40.76500525,-73.95818491,56925
1 Ave & E 78 St,40.77140426,-73.9535166,35926
1 Ave & E 94 St,40.7817212,-73.94594,13513
1 Pl & Clinton St,40.6809591,-73.99905709,6467
10 Ave & W 28 St,40.75066386,-74.00176802,41005
10 Hudson Yards,40.752957,-74.00264,1331
10 St & 2 Ave,40.671907,-73.993612,2227
10 St & 5 Ave,40.6686273,-73.98700053,4778
10 St & 7 Ave,40.6662078,-73.98199886,6241
11 Ave & W 27 St,40.751396,-74.005226,40589
11 Ave & W 41 St,40.76030096,-73.99884222,41907
11 Ave & W 59 St,40.77149671,-73.99046034,34481
11 St & 35 Ave,40.7627442,-73.9391141,933
11 St & 43 Ave,40.7519071,-73.9479119,2560
12 Ave & W 125 St,40.818299,-73.960405,11472
12 Ave & W 40 St,40.76087502,-74.00277668,74223
12 St & 4 Ave,40.668603,-73.9904394,2230
14 St & 5 Ave,40.666287,-73.98895053,9035
14 St & 7 Ave,40.663779,-73.98396846,7663
19 St & 24 Ave,40.7774552,-73.9225403,5852
2 Ave & 36 St,40.65708867,-74.00870204,3959
2 Ave & 36 St - Citi Bike HQ at Industry City,40.65708867,-74.00870204,1755
2 Ave & E 104 St,40.7892105,-73.94370784,9635
2 Ave & E 122 St,40.8006721,-73.9349,4443
2 Ave & E 125 St,40.802554,-73.933509,3397
2 Ave & E 31 St,40.74290902,-73.97706058,40787
2 Ave & E 72 St,40.76876203,-73.95840794,26929
2 Ave & E 96 St,40.7839636,-73.9471673,19756
2 Ave & E 99 St,40.7862586,-73.94552579,7379
21 St & 31 Dr,40.7659,-73.930819,5459
21 St & 36 Ave,40.7601853,-73.9362726,2421
21 St & 38 Ave,40.7576314,-73.9391224,1295
21 St & 43 Ave,40.75052534,-73.94594845,2655
21 St & Hoyt Ave S,40.774645,-73.923706,5525
21 St & Queens Plaza North,40.75325964,-73.94335788,6424
23 Ave & 27 St,40.776165,-73.9153175,2741
24 Ave & 26 St,40.774591,-73.918544,3157
24 Ave & 29 St,40.7729,-73.916142,3661
24 St & 41 Ave,40.752474,-73.939991,2403
24 St & 41 Ave,40.7527085,-73.9397405,1927
27 Ave & 3 St,40.77485,-73.9342,1690
27 Ave & 4 St,40.7747175,-73.9337894,193
27 Ave & 9 St,40.7739825,-73.9309134,3693
27 St & Hunter St,40.7485,-73.941275,7702
28 Ave & 35 St,40.7671,-73.9169858,6504
28 Ave & 44 St,40.76408932,-73.91065121,3528
28 St & 36 Ave,40.757186,-73.932719,3651
28 St & 38 Ave,40.754876,-73.934326,1652
28 St & 41 Ave,40.751047,-73.93797,7795
3 Ave & 14 St,40.6685455,-73.99333264,4309
3 Ave & Carroll St,40.677027,-73.9865,3891
3 Ave & E 100 St,40.7877214,-73.94728331,4348
3 Ave & E 112 St,40.795508,-73.941606,4697
3 Ave & E 163 St,40.823872,-73.908699,246
3 Ave & E 169 St,40.832678,-73.905158,579
3 Ave & E 170 St,40.834857,-73.903743,251
3 Ave & E 172 St,40.839586,-73.900277,362
3 Ave & E 174 St,40.84224,-73.8985,335
3 Ave & E 62 St,40.76312584,-73.96526895,18504
3 Ave & E 71 St,40.76873687,-73.96119945,9105
3 Ave & E 72 St,40.7699426,-73.96060712,9863
3 Ave & E 95 St,40.7845968,-73.94968539,1568
3 Ave & Franklin Ave,40.82696,-73.907451,357
3 Ave & Schermerhorn St,40.68683208,-73.9796772,12490
3 St & 3 Ave,40.6750705,-73.98775226,7541
3 St & 7 Ave,40.6703837,-73.97839676,8941
3 St & Hoyt St,40.6777287,-73.99364123,3844
3 St & Prospect Park West,40.668132,-73.97363831,14265
30 Ave & 21 St,40.7703743,-73.9286078,3377
31 Ave & 14 St,40.7682,-73.9322662,3019
31 Ave & 30 St,40.7647,-73.9240312,5496
31 Ave & 34 St,40.763154,-73.920827,8969
31 Ave & Crescent St,40.7658346,-73.9265474,5167
31 Ave & Steinway St,40.7611488,-73.9170071,4688
31 Ave & Steinway St,40.7612939,-73.91691685,2866
31 St & 23 Ave,40.7747878,-73.9125551,11687
31 St & Astoria Blvd,40.7699176,-73.9184057,5037
31 St & Broadway,40.761584,-73.925921,11616
31 St & Hoyt Ave N,40.7711528,-73.9170074,2826
31 St & Newtown Ave,40.76754878,-73.92093346,12891
31 St & Northern Blvd,40.75186951,-73.9334929,3394
31 St & Thomson Ave,40.74469738,-73.93540375,3866
34 Ave & 13 St,40.7638753,-73.9364848,1960
34 Ave & 21 St,40.7628138,-73.9342862,2425
34 Ave & 38 St,40.756913,-73.921631,9361
34 St & 35 Ave,40.7569332,-73.9262231,4112
35 Ave & 10 St,40.76315482,-73.9398551,2939
35 Ave & 37 St,40.7557327,-73.9236611,4617
35 St & 34 Ave,40.7580583,-73.9242751,3861
35 St & Broadway,40.760339,-73.9222427,5356
36 Ave & 10 St,40.7614376,-73.9411265,3830
36 Ave & 31 St,40.75651273,-73.92957486,6651
37 Ave & 35 St,40.7531106,-73.9279917,3773
37 St & 24 Ave,40.7701477,-73.9120938,3446
38 Ave & 29 St,40.75473,-73.93367,2825
39 St & 2 Ave,40.65539977,-74.01062787,2399
39 St & 2 Ave - Citi Bike HQ at Industry City,40.65539977,-74.01062787,943
4 Ave & 9 St,40.6705135,-73.98876585,7242
4 Ave & E 12 St,40.732647,-73.99011,13099
40 Ave & 9 St,40.75742,-73.945133,2550
40 Ave & Crescent St,40.7535992,-73.93795609,2364
43 St & Broadway,40.7577284,-73.9166368,7147
44 Dr & 21 St,40.748,-73.9460927,7328
44 Dr & Jackson Ave,40.74718234,-73.9432635,11650
45 Rd & 11 St,40.74708586,-73.94977234,8814
46 Ave & 5 St,40.74731,-73.95451,14264
47 Ave & 31 St,40.743,-73.93561,3987
47 Ave & Skillman Ave,40.74375241,-73.94176483,1145
48 Ave & 30 Pl,40.74128309,-73.93725872,1830
48 Ave & 5 St,40.74436329,-73.95587325,4329
49 Ave & 21 St,40.74252,-73.948852,3041
5 Av & W 139 St,40.815484,-73.935856,3835
5 Ave & 3 St,40.6728155,-73.98352355,12546
5 Ave & E 103 St,40.7922553,-73.95249933,18742
5 Ave & E 126 St,40.80698,-73.941747,6911
5 Ave & E 135 St,40.812191,-73.937838,2103
5 Ave & E 29 St,40.7451677,-73.98683077,34018
5 Ave & E 63 St,40.766368,-73.971518,17019
5 Ave & E 73 St,40.77282817,-73.96685276,41162
5 Ave & E 78 St,40.77632142,-73.96427393,26180
5 Ave & E 88 St,40.78307,-73.95939,38133
5 Ave & E 93 St,40.7857851,-73.957481,13672
5 Ave & W 131 St,40.81014,-73.93973,2481
5 St & 51 Ave,40.7423737,-73.9566,3168
5 St & 6 Ave,40.6704836,-73.98208968,3887
5 St & Market St,40.69999748,-73.97440128,1373
6 Ave & 12 St,40.6663181,-73.9854617,5342
6 Ave & 9 St,40.668127,-73.98377641,6684
6 Ave & Broome St,40.72430832,-74.00473036,34361
6 Ave & Canal St,40.72243797,-74.00566443,27328
6 Ave & W 33 St,40.74901271,-73.98848395,53085
6 Ave & W 34 St,40.74964,-73.98805,34435
6 St & 7 Ave,40.6686627,-73.97988067,6255
7 Ave & Central Park South,40.76674056,-73.97906899,36398
7 Ave & Park Pl,40.6776147,-73.97324283,13065
7 St & 3 Ave,40.67260298,-73.98983002,4230
7 St & 5 Ave,40.6704922,-73.98541675,5320
8 Ave & W 16 St,40.740983,-74.001702,881
8 Ave & W 31 St,40.75058535,-73.99468482,58552
8 Ave & W 33 St,40.751551,-73.993934,51593
8 Ave & W 38 St,40.75461,-73.99177,20830
8 Ave & W 52 St,40.76370739,-73.9851615,38720
9 Ave & W 18 St,40.74317449,-74.00366443,27002
9 Ave & W 22 St,40.7454973,-74.00197139,45588
9 Ave & W 28 St,40.74937024,-73.99923384,29172
9 Ave & W 45 St,40.76019252,-73.9912551,39358
9 St & 44 Rd,40.74966,-73.9521,3312
Adam Clayton Powell Blvd & W 115 St,40.802535,-73.9532423,4739
Adam Clayton Powell Blvd & W 118 St,40.804372,-73.951475,6608
Adam Clayton Powell Blvd & W 123 St,40.8078316,-73.949373,7396
Adam Clayton Powell Blvd & W 126 St,40.80949535,-73.94776493,9291
Adam Clayton Powell Blvd & W 130 St,40.812346,-73.946168,2043
Adam Clayton Powell Blvd & W 132 St,40.813539,-73.94521,3416
Adam Clayton Powell Blvd & W 138 St,40.81695971,-73.94229591,5210
Adam Clayton Powell Blvd & W 141 St,40.819241,-73.941057,2559
Adam Clayton Powell Blvd & W 151 St,40.825289,-73.936232,1052
Adelphi St & Myrtle Ave,40.69308257,-73.97178913,10801
Albany Ave & Fulton St,40.6800105,-73.938475,2688
Alexander Ave & E 134 St,40.807466,-73.927107,962
Allen St & Hester St,40.71605866,-73.99190759,33695
Allen St & Rivington St,40.72019576,-73.98997825,35098
Allen St & Stanton St,40.722055,-73.989111,38700
Amsterdam Ave & W 119 St,40.8086249,-73.9596214,5437
Amsterdam Ave & W 125 St,40.813358,-73.956461,6557
Amsterdam Ave & W 131 St,40.816355,-73.954295,1179
Amsterdam Ave & W 136 St,40.819746,-73.951819,1382
Amsterdam Ave & W 152 St,40.829523,-73.944279,1200
Amsterdam Ave & W 156 St,40.832081,-73.942386,885
Amsterdam Ave & W 162 St,40.83618,-73.939789,959
Amsterdam Ave & W 167 St,40.839443,-73.937044,885
Amsterdam Ave & W 172 St,40.842173,-73.935111,959
Amsterdam Ave & W 175 St,40.844044,-73.933651,643
Amsterdam Ave & W 180 St,40.847396,-73.931205,641
Amsterdam Ave & W 183 St,40.84925,-73.93022,1171
Amsterdam Ave & W 66 St,40.7746671,-73.98470567,11772
Amsterdam Ave & W 73 St,40.77966809,-73.98093045,35569
Amsterdam Ave & W 79 St,40.7829391,-73.9786517,11364
Amsterdam Ave & W 82 St,40.78524672,-73.97667321,22896
Anderson Ave & W 164 St,40.832057,-73.927421,131
Astor Place,40.7192822,-74.07126188,2
Astoria Park S & Shore Blvd,40.7767,-73.927631,8900
Atlantic Ave & Fort Greene Pl,40.68382604,-73.97632328,12442
Atlantic Ave & Furman St,40.69165183,-73.9999786,21964
Audobon Ave & W 179 St,40.847305,-73.933291,522
Avenue C & E 18 St,40.730563,-73.973984,18804
Avenue D & E 10 St,40.72506551,-73.97515833,5270
Avenue D & E 12 St,40.72580614,-73.97422494,6308
Avenue D & E 3 St,40.72082834,-73.97793172,16605
Avenue D & E 8 St,40.72368361,-73.97574813,7829
Avenue D & E 8 St,40.72387,-73.975767,6423
Baltic St & 5 Ave,40.6795766,-73.97854971,10866
Bank St & Hudson St,40.73652889,-74.00618026,27081
Bank St & Washington St,40.7361967,-74.00859207,25308
Banker St & Meserole Ave,40.72606,-73.95621,8633
Barclay St & Church St,40.71291224,-74.01020234,21991
Barrow St & Hudson St,40.73172428,-74.00674436,38332
Barry St & Tiffany St,40.816126,-73.891559,20
Bayard St & Baxter St,40.71602118,-73.99974372,27023
Bayard St & Leonard St,40.71915572,-73.94885391,8291
Beaver St & Fayette St,40.70099,-73.93921,3847
Beck St & Leggett Ave,40.815077,-73.899939,186
Bedford Ave & Bergen St,40.676368,-73.952918,11313
Bedford Ave & Montgomery St,40.665816,-73.956934,3255
Bedford Ave & Nassau Ave,40.72311651,-73.95212324,20472
Bedford Ave & S 9 St,40.70853074,-73.96408963,5690
Bergen Ave,40.72210379,-74.071455,1
Bergen Ave & E 152 St,40.817166,-73.914737,423
Bergen St & Flatbush Ave,40.68094472,-73.97567332,9913
Bergen St & Smith St,40.6867443,-73.99063168,21687
Bergen St & Vanderbilt Ave,40.6794388,-73.9680438,12461
Berkeley Pl & 6 Ave,40.6765304,-73.97846879,6634
Berkeley Pl & 7 Ave,40.67514684,-73.97523209,9037
Berry St & N 8 St,40.7190095,-73.95852515,20138
Bialystoker Pl & Delancey St,40.71622644,-73.98261206,10441
Boerum St & Broadway,40.70538077,-73.94976519,6730
Bond St & Bergen St,40.6849668,-73.98620772,7662
Bond St & Fulton St,40.68962189,-73.98304269,18132
Boone Ave & E 172 St,40.832649,-73.885272,32
Boston Rd & E 167 St,40.828199,-73.903719,106
Boston Rd & Prospect Ave,40.833246,-73.896599,74
Bradhurst Ave & W 148 St,40.825125,-73.941616,3653
Broad St & Bridge St,40.70365182,-74.01167797,11180
Broadway & 12 St,40.7668,-73.9347774,3822
Broadway & Battery Pl,40.70463334,-74.01361706,31335
Broadway & Berry St,40.71044554,-73.96525063,13478
Broadway & E 14 St,40.73454567,-73.99074142,63414
Broadway & E 22 St,40.7403432,-73.98955109,64646
Broadway & Furman Ave,40.68139,-73.90756,687
Broadway & Hancock St,40.68663,-73.9168,2270
Broadway & Kosciuszko St,40.69329,-73.92852,2933
Broadway & Madison St,40.68822,-73.91966,3068
Broadway & Moylan Pl,40.8143256,-73.9590255,9071
Broadway & Roebling St,40.70924826,-73.96063149,12908
Broadway & W 122 St,40.8120562,-73.9612547,4799
Broadway & W 131 St,40.817555,-73.957163,1717
Broadway & W 133 St,40.8190344,-73.956156,2316
Broadway & W 153 St,40.831327,-73.946665,1632
Broadway & W 155 St,40.83299,-73.94592,794
Broadway & W 160 St,40.835775,-73.9434,2838
Broadway & W 165 St,40.839137,-73.941409,1387
Broadway & W 25 St,40.74286877,-73.98918629,54144
Broadway & W 29 St,40.7462009,-73.98855723,37201
Broadway & W 36 St,40.75097711,-73.98765428,18531
Broadway & W 37 St,40.75172632,-73.98753523,16568
Broadway & W 38 St,40.75299641,-73.98721619,23388
Broadway & W 41 St,40.75513557,-73.98658032,42728
Broadway & W 49 St,40.76068327,-73.98452729,36868
Broadway & W 51 St,40.76228826,-73.98336183,21412
Broadway & W 53 St,40.76344058,-73.98268129,22970
Broadway & W 56 St,40.7652654,-73.98192338,47526
Broadway & W 60 St,40.76915505,-73.98191841,65319
Broadway & Whipple St,40.7016657,-73.9437303,7269
Bronx Shore Comfort Station,40.80046,-73.92404,260
Brook Ave & E 138 St,40.807408,-73.91924,1250
Brook Ave & E 141 St,40.809619,-73.917875,445
Brook Ave & E 148 St,40.814383,-73.915368,653
Brook Ave & E 157 St,40.820713,-73.911759,787
Brooklyn Bridge Park - Pier 2,40.698458,-73.997178,12270
Bus Slip & State St,40.701907,-74.013942,17968
Bushwick Ave & Dekalb Ave,40.69502,-73.92825,2682
Bushwick Ave & Forrest St,40.70076,-73.93641,2273
Bushwick Ave & Furman Ave,40.68281,-73.90623,658
Bushwick Ave & Harman St,40.69356,-73.92524,2335
Bushwick Ave & Linden St,40.69146,-73.92146,1744
Bushwick Ave & McKibbin St,40.705517,-73.93936,2698
Bushwick Ave & Powers St,40.71247661,-73.94100005,7084
Bushwick Ave & Stagg St,40.709897,-73.94008,1959
Butler St & Court St,40.6849894,-73.99440329,5628
Cabrini Blvd & W 177 St,40.848282,-73.941343,1103
Cadman Plaza E & Johnson St,40.69531728,-73.99015725,9051
Cadman Plaza E & Red Cross Pl,40.69991755,-73.98971773,13006
Cadman Plaza West & Montague St,40.69383,-73.990539,6790
Calyer St & Jewel St,40.72984,-73.94839,2832
Cambridge Pl & Gates Ave,40.68488,-73.96304,7080
Canal St & Rutgers St,40.71427487,-73.98990025,40150
Carlton Ave & Dean St,40.6809741,-73.9710097,10120
Carlton Ave & Flushing Ave,40.697787,-73.973736,6950
Carlton Ave & Park Ave,40.69580705,-73.97355569,6321
Carmine St & 6 Ave,40.73038599,-74.00214988,49008
Carroll St & 5 Ave,40.6751622,-73.9814832,9908
Carroll St & 6 Ave,40.6740886,-73.9787282,6358
Carroll St & Bond St,40.6786115,-73.99037292,7696
Carroll St & Columbia St,40.6830456,-74.00348559,4396
Carroll St & Franklin Ave,40.6679411,-73.9588,2520
Carroll St & Smith St,40.680611,-73.99475825,8438
Carroll St & Washington Ave,40.6686744,-73.9618148,2706
Cathedral Pkwy & Broadway,40.804213,-73.96699104,15363
Catherine St & Monroe St,40.71117444,-73.99682619,15422
Cauldwell Ave & E 158 St,40.81989,-73.908351,250
Cauldwell Ave & E 161 St,40.82188,-73.907521,763
Cedar St & Evergreen Ave,40.69671,-73.92807,1326
Cedar St & Myrtle Ave,40.697842,-73.926241,4523
Center Blvd & 48 Ave,40.745038,-73.957539,7669
Center Blvd & 51 Ave,40.74336608,-73.95960689,9822
Central Ave & Covert St,40.68929,-73.90951,919
Central Ave & Decatur St,40.6882,-73.90798,1072
Central Ave & Flushing Ave,40.702831,-73.9333,3674
Central Ave & Himrod St,40.69676,-73.92302,1766
Central Ave & Melrose St,40.70112,-73.93039,1662
Central Ave & Starr Street,40.700003,-73.92834,4214
Central Ave & Weirfield St,40.69055,-73.91181,1625
Central Ave & Woodbine St,40.69296,-73.91605,1573
Central Park North & Adam Clayton Powell Blvd,40.799484,-73.955613,32325
Central Park S & 6 Ave,40.76590936,-73.97634151,50672
Central Park W & W 103 St,40.79603684,-73.96158904,6152
Central Park W & W 91 St,40.78866499,-73.96680057,8875
Central Park W & W 96 St,40.79127,-73.964839,16332
Central Park W & W 97 St,40.79249519,-73.96417066,13175
Central Park West & W 100 St,40.79406661,-73.96286845,9598
Central Park West & W 102 St,40.795346,-73.96186,3225
Central Park West & W 68 St,40.7734066,-73.97782542,38099
Central Park West & W 72 St,40.77579377,-73.97620574,42122
Central Park West & W 76 St,40.77896784,-73.97374737,23556
Central Park West & W 82 St,40.782593,-73.971211,7152
Central Park West & W 85 St,40.78472675,-73.96961715,13860
Central Park West & W 85 St,40.78476,-73.969862,14688
Centre St & Chambers St,40.71273266,-74.0046073,34556
Centre St & Seneca Ave,40.69969,-73.9022,733
Centre St & Worth St,40.71494807,-74.00234482,15831
Charlotte St & Boston Rd,40.8358771,-73.8931428,1
Cherry St,40.71219906,-73.97948148,19966
Christopher St & Greenwich St,40.73291553,-74.00711384,68132
City Hall,40.7177325,-74.043845,13
Clark St & Henry St,40.69760127,-73.99344559,16248
Classon Ave & St Marks Ave,40.6765198,-73.9596082,8283
Clay Ave & Claremont Pkwy,40.83999,-73.90549,212
Clay Ave & E 173 St,40.843264,-73.904867,551
Clermont Ave & Lafayette Ave,40.68764484,-73.96968902,6278
Clermont Ave & Park Ave,40.69573398,-73.97129668,4809
Cleveland Pl & Spring St,40.72210379,-73.99724901,56342
Cliff St & Fulton St,40.70838,-74.00495,20729
Clinton Ave & Flushing Ave,40.69794,-73.96986848,5669
Clinton Ave & Myrtle Ave,40.693261,-73.968896,10838
Clinton St & 4 Place,40.6783563,-74.00014502,6220
Clinton St & Centre St,40.67434,-74.00194698,1993
Clinton St & Grand St,40.71559509,-73.9870295,37944
Clinton St & Joralemon St,40.69239502,-73.99337909,12857
Clinton St & Tillary St,40.69623297,-73.99142057,685
Clinton St & Union St,40.6831164,-73.99785267,7291
Coffey St & Conover St,40.677236,-74.015665,5070
College Ave & E 170 St,40.837576,-73.910489,488
Columbia Heights & Cranberry St,40.70037867,-73.99548059,6956
Columbia St & Degraw St,40.6859296,-74.00242364,8226
Columbia St & Kane St,40.68763155,-74.0016256,6745
Columbia St & Lorraine St,40.6747055,-74.0075572,1341
Columbia St & Rivington St,40.71739973,-73.98016555,13833
Columbia St & W 9 St,40.6769993,-74.00647134,1806
Columbus Ave & W 103 St,40.7969347,-73.96434123,3654
Columbus Ave & W 72 St,40.7770575,-73.97898475,35958
Columbus Ave & W 95 St,40.7919557,-73.968087,26349
Columbus Dr at Exchange Pl,40.71687,-74.03281,4
Columbus Drive,40.7183552,-74.03891444,3
Commerce St & Van Brunt St,40.6812117,-74.00860912,3183
Concord St & Bridge St,40.69766564,-73.98476437,7675
Concourse Village East & E 158 St,40.823732,-73.919379,362
Concourse Village West & E 156 St,40.823162,-73.923267,329
Congress St & Clinton St,40.6881529,-73.99520919,10621
Convent Ave & W 135 St,40.818215,-73.950988,891
Convent Ave & W 151 St,40.82831,-73.942924,518
Cooper Square & Astor Pl,40.72951496,-73.9907527,44469
Court St & Nelson St,40.6763947,-73.99869893,5822
Court St & State St,40.6902375,-73.99203074,15772
Courtlandt Ave & E 149 St,40.816402,-73.919549,883
Courtlandt Ave & E 157 St,40.822267,-73.916792,317
Crescent St & 30 Ave,40.768692,-73.9249574,5579
Crescent St & 34 Ave,40.76108,-73.930562,4507
Crescent St & 35 Ave,40.7596276,-73.9321455,3049
Crescent St & Broadway,40.7633589,-73.9286471,7622
Crescent St & Ditmars Blvd,40.7787185,-73.9145645,3726
Crotona Park East & E 173 St,40.837037,-73.890413,22
Crotona Park North & Prospect Ave,40.841092,-73.892317,21
Cumberland St & Lafayette Ave,40.68753406,-73.97265183,9341
Cypress Ave & George St,40.69812,-73.90271,646
Cypress Ave & Palmetto St,40.70157341,-73.90876293,572
Dawson St & Intervale Ave,40.819999,-73.897263,84
DeKalb Ave & Franklin Ave,40.69064807,-73.95746179,8521
DeKalb Ave & Hudson Ave,40.689888,-73.981013,14156
DeKalb Ave & S Portland Ave,40.68981035,-73.97493121,14804
DeKalb Ave & Vanderbilt Ave,40.68940747,-73.96885458,12358
Dean St & 4 Ave,40.68312489,-73.97895137,14577
Dean St & Franklin Ave,40.67759207,-73.95563722,9754
Dean St & Hoyt St,40.6864442,-73.98759104,6978
Degraw St & Hoyt St,40.68199044,-73.99079025,5202
Degraw St & Smith St,40.6829151,-73.99318208,8968
Delancey St & Eldridge St,40.719383,-73.991479,7049
Devoe St & Lorimer St,40.71335226,-73.94910336,11534
Devoe St & Morgan Ave,40.713811,-73.93515,2982
Ditmars Blvd & 19 St,40.78145,-73.9183302,6939
Division Av & Hooper St,40.70684203,-73.9544354,2961
Division Ave & Hooper St,40.70684203,-73.9544354,3576
Division Ave & Marcy Ave,40.70708701,-73.95796783,2785
Division St & Bowery,40.71413089,-73.9970468,12902
Division St & Bowery,40.714193,-73.996732,7982
Dock 72 Way & Market St,40.69985,-73.97141,4654
Douglass St & 3 Ave,40.6802133,-73.98432695,7249
Douglass St & 4 Ave,40.6792788,-73.98154004,7037
Driggs Ave & Lorimer St,40.72179134,-73.9504154,7403
Driggs Ave & N 9 St,40.71816969,-73.95520136,19143
Driggs Ave & N Henry St,40.72325,-73.94308,10710
Duane St & Greenwich St,40.71748752,-74.0104554,13632
Duffield St & Willoughby St,40.69221589,-73.9842844,12316
Dwight St & Van Dyke St,40.67363551,-74.01195556,3115
E 10 St & 5 Ave,40.73331967,-73.99510132,25039
E 10 St & Avenue A,40.72740794,-73.98142006,50053
E 102 St & 1 Ave,40.7869946,-73.94164802,15485
E 102 St & Park Ave,40.7904828,-73.95033068,7426
E 103 St & Lexington Ave,40.7903051,-73.94755757,9496
E 106 St & 1 Ave,40.7892529,-73.93956237,6719
E 106 St & Lexington Ave,40.791976,-73.945993,7324
E 106 St & Madison Ave,40.7934337,-73.94945003,7343
E 109 St & 3 Ave,40.79329668,-73.9432083,6566
E 11 St & 1 Ave,40.72953837,-73.98426726,33312
E 11 St & 2 Ave,40.73047309,-73.98672378,35643
E 11 St & Avenue B,40.72746421,-73.97950418,26126
E 110 St & Madison Ave,40.7961535,-73.94782145,14254
E 114 St & 1 Ave,40.7945663,-73.9362541,5640
E 115 St & Lexington Ave,40.797911,-73.9423,7545
E 115 St & Madison Ave,40.7989445,-73.944846,4711
E 116 St & 2 Ave,40.796879,-73.937261,4642
E 118 St & 1 Ave,40.79747,-73.93504,6520
E 118 St & 3 Ave,40.799139,-73.9389152,7935
E 118 St & Madison Ave,40.8014866,-73.9442507,5801
E 118 St & Park Ave,40.8005385,-73.9419949,3562
E 12 St & 3 Ave,40.73223272,-73.98889957,28167
E 12 St & 4 Av,40.73269,-73.98974,17205
E 123 St & Lexington Ave,40.8029263,-73.9379,4578
E 128 St & 3 Ave,40.805631,-73.934077,463
E 128 St & Madison Ave,40.80756,-73.939182,4244
E 13 St & Avenue A,40.72966729,-73.98067966,56821
E 132 St & Madison Ave,40.810224,-73.937195,2620
E 133 St & Cypress Pl,40.80262,-73.9174,64
E 134 St & Walnut Ave,40.800425,-73.911034,389
E 135 St & St Ann's Ave,40.805089,-73.918889,551
E 138 St & 5 Av,40.81449,-73.936153,1733
E 138 St & Canal St W,40.812304,-73.929153,597
E 138 St & Cypress Ave,40.805559,-73.914718,476
E 138 St & Grand Concourse,40.813224,-73.930605,399
E 138 St & Willow Ave,40.804168,-73.911545,369
E 141 St & Jackson Ave,40.806896,-73.911837,505
E 141 St & St Ann's Ave,40.808633,-73.916124,849
E 142 St & 3 Ave,40.812735,-73.923697,764
E 144 St & Brook Ave,40.811675,-73.917037,503
E 147 St & Bergen Ave,40.814673,-73.91839,775
E 149 St & Eagle Ave,40.814046,-73.91186,531
E 149 St & Jackson Ave,40.813135,-73.909235,1049
E 149 St & Morris Ave,40.81734,-73.922962,1734
E 149 St & Park Ave,40.818154,-73.925294,181
E 15 St & 3 Ave,40.734232,-73.986923,40893
E 150 St & Gerard Ave,40.820089,-73.928947,1384
E 153 St & E 157 St,40.826677,-73.929327,248
E 155 St & Courtlandt Ave,40.82057,-73.917579,477
E 156 & Brook Ave,40.819823,-73.912411,913
E 157 St & River Ave,40.825737,-73.927311,424
E 158 St & Melrose Ave,40.822215,-73.914688,478
E 16 St & 5 Ave,40.73726186,-73.99238967,40507
E 16 St & Irving Pl,40.73536706,-73.98797393,21890
E 160 St & Tinton Ave,40.820302,-73.903944,429
E 161 St & Park Ave,40.824811,-73.916407,92
E 161 St & River Ave,40.827883,-73.927111,2447
E 163 St & Tiffany St,40.821075,-73.895069,277
E 163 St & Union Ave,40.822545,-73.901824,198
E 165 St & Clay Ave,40.82809,-73.91288,83
E 165 St & Fox St,40.82394,-73.894025,16
E 165 St & Jerome Ave,40.83263,-73.925101,69
E 167 St & Bryant Ave,40.826706,-73.888719,6
E 167 St & Clay Ave,40.83094,-73.91125,282
E 167 St & Franklin Ave,40.82895,-73.90521,128
E 169 St & Fox St,40.827184,-73.893721,251
E 169 St & Webster Ave,40.834015,-73.908863,1043
E 17 St & Broadway,40.73704984,-73.99009296,74314
E 170 St & Clay Ave,40.837213,-73.908345,40
E 170 St & Webster Ave,40.836103,-73.907199,337
E 171 St & Webster Ave,40.838379,-73.905838,154
E 174 St & Longfellow Ave,40.836274,-73.884308,7
E 19 St & 3 Ave,40.73624527,-73.98473765,31934
E 2 St & 2 Ave,40.72502876,-73.99069656,33191
E 2 St & Avenue A,40.72307749,-73.98583621,35542
E 2 St & Avenue B,40.72217444,-73.98368779,38306
E 2 St & Avenue C,40.7208736,-73.98085795,22805
E 20 St & 2 Ave,40.73587678,-73.98205027,25776
E 20 St & FDR Drive,40.73314259,-73.97573881,29118
E 20 St & Park Ave,40.73827428,-73.98751968,34632
E 23 St & 1 Ave,40.736502,-73.97809472,38483
E 24 St & Park Ave S,40.74096374,-73.98602213,30010
E 25 St & 1 Ave,40.7381765,-73.97738662,27046
E 25 St & 2 Ave,40.73912601,-73.97973776,29409
E 27 St & 1 Ave,40.739445,-73.976806,31833
E 30 St & Park Ave S,40.74444921,-73.98303529,24896
E 31 St & 3 Ave,40.74394314,-73.97966069,38096
E 32 St & Park Ave,40.7457121,-73.98194829,35928
E 33 St & 1 Ave,40.74322681,-73.97449784,47952
E 33 St & 5 Ave,40.74765947,-73.98490707,30730
E 39 St & 2 Ave,40.74780373,-73.9734419,27895
E 39 St & 3 Ave,40.7489006,-73.97604882,22212
E 39 St & Lexington Ave,40.74949855,-73.97729203,11034
E 4 St & 2 Ave,40.7262807,-73.98978041,38922
E 41 St & Madison Ave,40.75216528,-73.97992194,17884
E 43 St & 2 Ave,40.75022392,-73.97121414,16539
E 43 St & 5 Ave,40.75412081,-73.98025185,18786
E 44 St & 2 Ave,40.75118387,-73.97138715,2879
E 45 St & 3 Ave,40.75255434,-73.97282625,19753
E 47 St & 1 Ave,40.75206862,-73.96784384,13635
E 47 St & 2 Ave,40.75323098,-73.97032517,22103
E 47 St & Park Ave,40.75510267,-73.97498696,36200
E 48 St & 3 Ave,40.7546011,-73.97187886,17071
E 48 St & 5 Ave,40.75724568,-73.97805914,30856
E 5 St & Avenue C,40.72299208,-73.97995466,18320
E 51 St & 1 Ave,40.75455731,-73.96592976,23280
E 51 St & 2 Ave,40.755293,-73.967641,12635
E 51 St & Lexington Ave,40.75714758,-73.97207836,16986
E 53 St & 3 Ave,40.75763228,-73.96930575,19171
E 53 St & Lexington Ave,40.75828065,-73.97069431,9555
E 53 St & Madison Ave,40.7597108,-73.97402311,21899
E 55 St & 2 Ave,40.75797322,-73.96603308,25846
E 56 St & 3 Ave,40.75934501,-73.96759673,15981
E 56 St & Madison Ave,40.761573,-73.972628,6171
E 58 St &  1 Ave (NW Corner),40.759125,-73.962658,16528
E 58 St & 1 Ave (NE Corner),40.75892386,-73.96226227,8360
E 58 St & 3 Ave,40.76095756,-73.96724467,32953
E 58 St & Madison Ave,40.76302594,-73.97209525,17301
E 59 St & Madison Ave,40.76350532,-73.97109243,18850
E 6 St & Avenue B,40.72453734,-73.98185424,36043
E 6 St & Avenue D,40.72228087,-73.97668709,27341
E 60 St & York Ave,40.759107,-73.959223,8165
E 63 St & 3 Ave,40.763954,-73.9646,6012
E 65 St & 2 Ave,40.76471852,-73.9622207,14133
E 66 St & Madison Ave,40.76800889,-73.96845281,8789
E 67 St & Park Ave,40.7678008,-73.96592081,8022
E 68 St & 3 Ave,40.7671284,-73.96224618,7622
E 68 St & Madison Ave,40.7691572,-73.96703464,5197
E 7 St & Avenue A,40.72621788,-73.98379855,41004
E 72 St & Park Ave,40.77118288,-73.96409422,14220
E 72 St & York Ave,40.76663814,-73.95348296,25901
E 74 St & 1 Ave,40.7689738,-73.95482273,22203
E 75 St & 3 Ave,40.77112927,-73.95772297,12108
E 76 St & Park Ave,40.773763,-73.96222088,11902
E 77 St & 3 Ave,40.77314236,-73.95856158,13994
E 78 St & 2 Ave,40.7727966,-73.95577801,10154
E 80 St & Park Ave,40.776173,-73.959757,1544
E 81 St & 2 Ave,40.77477945,-73.95427465,17232
E 81 St & 3 Ave,40.77573034,-73.9567526,11537
E 81 St & Park Ave,40.77677702,-73.9590097,3713
E 81 St & York Ave,40.7728384,-73.94989233,15478
E 82 St & East End Ave,40.7724607,-73.9468208,10606
E 84 St & 1 Ave,40.77565541,-73.95068615,21401
E 84 St & 3 Ave,40.77755374,-73.9551276,9932
E 84 St & Park Ave,40.77862688,-73.95772073,12572
E 85 St & 3 Ave,40.77801203,-73.95407149,17271
E 85 St & York Ave,40.77536905,-73.94803392,11039
E 88 St & 1 Ave,40.778301,-73.9488134,17723
E 88 St & Park Ave,40.7814107,-73.95595908,7945
E 89 St & 3 Ave,40.7806284,-73.9521667,13763
E 89 St & York Ave,40.7779453,-73.946041,11350
E 9 St & Avenue C,40.72521311,-73.97768752,25230
E 91 St & 2 Ave,40.7811223,-73.94965589,18864
E 91 St & Park Ave,40.7835016,-73.955327,10110
E 93 St & 2 Ave,40.78245418,-73.94891962,9529
E 95 St & 3 Ave,40.7849032,-73.950503,6069
E 97 St & 3 Ave,40.7859201,-73.94860294,5038
E 97 St & Madison Ave,40.787801,-73.953559,14586
E 98 St & Park Ave,40.78813,-73.95206,5497
East End Ave & E 86 St,40.77518615,-73.94446054,9454
Eastern Pkwy & Franklin Ave,40.6707767,-73.9576801,9634
Eastern Pkwy & Washington Ave,40.6716493,-73.9631145,6541
Eckford St & Engert Ave,40.72146256,-73.94800901,2074
Edgecombe Ave & W 141 St,40.820681,-73.945144,5637
Edgecombe Ave & W 145 St,40.823498,-73.94386,3715
Edgecombe Ave & W 150 St,40.826881,-73.941427,728
Edgecombe Ave & W 167 St,40.838191,-73.936085,624
Eldert St & Bushwick Ave,40.68652,-73.91321,1101
Emerson Pl & Myrtle Ave,40.69363137,-73.96223558,10711
Engert Ave & McGuinness Blvd,40.72158,-73.94546,2217
Essex Light Rail,40.7127742,-74.0364857,6
Evergreen Ave & Noll St,40.70106,-73.93318,2875
FDR Drive & E 35 St,40.744219,-73.97121214,47472
Faile St & Garrison Ave,40.820578,-73.888271,336
Fairview Ave & Linden St,40.70694,-73.90632,887
Flushing Ave & Vanderbilt Ave,40.69795032,-73.9707756,11654
Flushing Ave & Woodward Ave,40.71246,-73.91873,1060
Forest Ave & Summerfield St,40.69922,-73.89795,1816
Forsyth St & Broome St,40.71893904,-73.99266288,31881
Forsyth St & Canal St,40.7158155,-73.99422366,33153
Fort Washington Ave & W 173 St,40.84522,-73.940493,2137
Fort Washington Ave & W 183 St,40.852252,-73.937854,3578
Franklin Ave & E 169 St,40.83171,-73.90208,86
Franklin Ave & Empire Blvd,40.66314,-73.9605695,11012
Franklin Ave & Myrtle Ave,40.69454609,-73.95801365,5194
Franklin Ave & St Marks Ave,40.6758324,-73.9561677,6962
Franklin St & Dupont St,40.73564,-73.95866,13889
Franklin St & W Broadway,40.71911552,-74.00666661,16379
Frederick Douglass Blvd & Harlem River Dr,40.830702,-73.936371,735
Frederick Douglass Blvd & W 112 St,40.801694,-73.957145,16590
Frederick Douglass Blvd & W 115 St,40.8038654,-73.9559308,12348
Frederick Douglass Blvd & W 117 St,40.805159,-73.954692,18963
Frederick Douglass Blvd & W 129 St,40.8125511,-73.9492286,5256
Frederick Douglass Blvd & W 145 St,40.823061,-73.941928,37
Freeman St & Reverend James A Polite Ave,40.830529,-73.894717,358
Freeman St & Southern Blvd,40.830051,-73.892103,32
Front St & Gold St,40.70224,-73.982578,8945
Front St & Jay St,40.702461,-73.986842,13637
Front St & Maiden Ln,40.70530954,-74.00612572,17624
Front St & Washington St,40.70255088,-73.98940236,25769
Frost St & Debevoise Ave,40.71882,-73.93948,1299
Frost St & Meeker Ave,40.71766197,-73.94880027,5461
Fulton Ave & E 168 St,40.830471,-73.904556,143
Fulton Ave & St. Paul's Pl,40.83545,-73.90153,182
Fulton St & Adams St,40.69241829,-73.98949474,16891
Fulton St & Broadway,40.711066,-74.009447,31940
Fulton St & Clermont Ave,40.68415748,-73.96922273,6192
Fulton St & Irving Pl,40.68186,-73.959432,6731
Fulton St & Rockwell Pl,40.68841,-73.979458,4442
Fulton St & Utica Ave,40.6794268,-73.9298911,8247
Fulton St & Waverly Ave,40.68323865,-73.96599591,11182
Fulton St & William St,40.70955958,-74.00653609,18558
Gansevoort St & Hudson St,40.7394482,-74.00507033,37773
Garfield Pl & 8 Ave,40.6711978,-73.97484126,6589
Garrison Ave & Manida St,40.818743,-73.890247,1
George St & Wilson Ave,40.702997,-73.92997,4035
Gerard Ave & E 146 St,40.817755,-73.92965,875
Gerard Ave & E 164 St,40.830262,-73.923391,525
Gerard Ave & E 165 St,40.83173,-73.922394,504
Gerard Ave & McClellan St,40.833909,-73.92112,518
Glenwood Ave,40.72755147,-74.07106072,1
Goble Pl & Macombs Rd,40.844075,-73.917256,584
Graham Ave & Conselyea St,40.715143,-73.944507,11454
Graham Ave & Grand St,40.711863,-73.944024,12721
Graham Ave & Herbert St,40.71929301,-73.94500379,4909
Graham Ave & Withers St,40.7169811,-73.94485918,9346
Grand Army Plaza & Central Park S,40.7643971,-73.97371465,33466
Grand Army Plaza & Plaza St West,40.6729679,-73.97087984,21922
Grand Ave & Bergen St,40.678045,-73.962408,7104
Grand Concourse & E 144 St,40.816576,-73.927987,1493
Grand Concourse & E 156 St,40.823429,-73.924689,469
Grand Concourse & E 161 St,40.827115,-73.92272,976
Grand Concourse & E 164 St,40.829608,-73.921461,649
Grand Concourse & E 166 St,40.83196,-73.91956,175
Grand Concourse & E 167 St,40.834263,-73.917641,1179
Grand Concourse & E 171 St,40.839549,-73.913004,1131
Grand Concourse & East Mount Eden Ave,40.84301,-73.91172,1056
Grand St,40.71517768,-74.03768331,3
Grand St & Elizabeth St,40.718822,-73.99596,54471
Grand St & Greene St,40.72170005,-74.00238141,10013
Grand St & Havemeyer St,40.71286844,-73.95698119,12187
Grant Ave & E 164 St,40.828847,-73.91769,1238
Grant Ave & E 169 St,40.83579,-73.913741,87
Great Jones St,40.72743423,-73.99379025,41507
Green St & McGuinness Blvd,40.73396,-73.95204,2242
Greene Av & Myrtle Av,40.698568,-73.918877,4760
Greene Ave & Grandview Ave,40.709697,-73.907856,857
Greene Ave & Nostrand Ave,40.6883337,-73.950916,6985
Greene Ave & Throop Ave,40.6894932,-73.942061,5968
Greenpoint Ave & Manhattan Ave,40.73026,-73.95394,13780
Greenwich Ave & 8 Ave,40.73901691,-74.00263761,52834
Greenwich Ave & Charles St,40.735238,-74.000271,30351
Greenwich St & Hubert St,40.721319,-74.010065,2770
Greenwich St & W Houston St,40.728846,-74.008591,37745
Grove St & Broadway,40.69047,-73.923511,3413
Grove St PATH,40.71958612,-74.04311746,6
Halsey St & Broadway,40.68565,-73.91564,2475
Halsey St & Evergreen Ave,40.68858,-73.91227,967
Halsey St & Tompkins Ave,40.6823687,-73.944118,6870
Hamilton Park,40.72759597,-74.04424731,8
Hamilton Pl & W 138 St,40.821728,-73.952761,1248
Hamilton Pl & W 140 St,40.822756,-73.951346,979
Hancock St & Bedford Ave,40.68216564,-73.95399026,6133
Hancock St & Wyckoff Ave,40.6972,-73.90674,720
Hanson Pl & Ashland Pl,40.68506807,-73.9779076,22256
Harborside,40.7192517,-74.034234,6
Harlem River Dr & W 155 St,40.830476,-73.939929,899
Harman St & Seneca Ave,40.70577,-73.91292,399
Harrison Pl & Porter Ave,40.70686,-73.92851,1513
Harrison St & Hudson St,40.71870987,-74.0090009,10789
Hart St & Wyckoff Ave,40.704876,-73.919911,2920
Heights Elevator,40.74871595,-74.0404433,21
Henry St & Atlantic Ave,40.69089272,-73.99612349,13035
Henry St & Bay St,40.6725058,-74.00494695,1806
Henry St & Degraw St,40.6847514,-73.99917254,8335
Henry St & Grand St,40.714211,-73.981095,13584
Henry St & Grand St,40.714215,-73.981346,5109
Henry St & Middagh St,40.7003,-73.991581,8824
Henry St & W 9 St,40.6763744,-74.00324957,1356
Hicks St & Montague St,40.69512845,-73.99595065,10572
Hilltop,40.7311689,-74.0575736,3
Hoboken Ave at Monmouth St,40.73520838,-74.04696375,8
Hope St & Union Ave,40.71167351,-73.95141312,15772
Howard St & Centre St,40.71910537,-73.99973337,27817
Hoyt St & Warren St,40.6843549,-73.98901629,1617
Hudson St & Reade St,40.71625008,-74.0091059,18763
Humboldt St & Varet St,40.7031724,-73.940636,4387
Hunts Point Ave & Bryant Ave,40.813991,-73.8855,49
Huron St & Franklin St,40.73266,-73.95826,13270
Icahn Stadium,40.79346,-73.92389,372
India St & Manhattan Ave,40.73232194,-73.9550858,13154
India St & West St,40.73181402,-73.95995021,11156
Intervale Ave & Kelly St,40.827301,-73.896372,82
Intervale Ave & Westchester Ave,40.821967,-73.896752,326
Inwood Ave & W 170 St,40.840536,-73.919228,475
Irving Ave & DeKalb Ave,40.7027,-73.92095,4047
Irving Ave & Halsey St,40.69467,-73.90663,1534
Irving Ave & Harman St,40.70108,-73.9179,2767
Irving Ave & Jefferson St,40.70538,-73.92535,4269
Irving Ave & Palmetto St,40.698,-73.9127,1429
JC Medical Center,40.71653978,-74.04963791,2
JCBS Depot,40.70965083,-74.06860113,3
Jackson Ave & 46 Rd,40.74524768,-73.94733276,4747
Jackson St & Leonard St,40.71638032,-73.94821286,4208
Jay St & Tech Pl,40.695065,-73.987167,17087
Jay St & York St,40.70140317,-73.9867267,23487
Jefferson Ave & Evergreen Ave,40.68989,-73.91458,1434
Jefferson St & Cypress Ave,40.70907,-73.92157,1913
Jerome Ave & Anderson Ave,40.830179,-73.928747,393
Jerome Ave & E 164 St,40.831444,-73.926226,151
Jerome Ave & Ogden Ave,40.829797,-73.931015,71
Jersey & 3rd,40.72333159,-74.04595256,1
Jersey & 6th St,40.72528911,-74.04557168,8
John St & William St,40.70862144,-74.00722156,15291
Johnson St & Gold St,40.69474881,-73.98362464,9941
Journal Square,40.73367,-74.0625,1
Kane St & Clinton St,40.6861758,-73.99645295,7900
Kent Ave & N 7 St,40.72036775,-73.96165073,39357
Kent Ave & S 11 St,40.70764494,-73.96841526,17739
Kent St & McGuinness Blvd,40.73124,-73.95161,1877
Kingsland Ave & Nassau Ave,40.72577,-73.94173,4564
Kingston Ave & Herkimer St,40.67890679,-73.94142771,7522
Knickerbocker Ave & Cooper St,40.69081,-73.90448,1225
Knickerbocker Ave & George St,40.704425,-73.92836,4554
Knickerbocker Ave & Halsey St,40.693,-73.90824,1167
Knickerbocker Ave & Hancock St,40.69385,-73.90974,1325
Knickerbocker Ave & Thames St,40.70539,-73.92976,4719
Kosciuszko St & Nostrand Ave,40.69072549,-73.95133465,6825
Kosciuszko St & Tompkins Ave,40.69128258,-73.9452416,6863
LaGuardia Pl & W 3 St,40.72917025,-73.99810231,36126
Lafayette Ave & Classon Ave,40.68900443,-73.96023854,9553
Lafayette Ave & Fort Greene Pl,40.68691865,-73.976682,14876
Lafayette Ave & Hunts Point Ave,40.816567,-73.888161,5
Lafayette Ave & St James Pl,40.68851534,-73.9647628,11129
Lafayette St & E 8 St,40.73020661,-73.99102628,54912
Lafayette St & Jersey St,40.72456089,-73.99565293,33653
Lafayette St & Jersey St S,40.72430527,-73.99600983,5052
Laight St & Hudson St,40.72185379,-74.00771779,7146
Lawrence St & Willoughby St,40.69236178,-73.98631746,16292
Lefferts Pl & Franklin Ave,40.68034242,-73.95576894,5211
Lenox Ave & W 111 St,40.7987859,-73.9523,23348
Lenox Ave & W 115 St,40.8011939,-73.9500739,8406
Lenox Ave & W 117 St,40.8025566,-73.9490782,13113
Lenox Ave & W 126 St,40.808442,-73.9452087,15953
Lenox Ave & W 130 St,40.8107922,-73.9430681,9645
Lenox Ave & W 133 St,40.81296,-73.941878,2964
Lenox Ave & W 144 St,40.819783,-73.936521,2784
Lenox Ave & W 146 St,40.821111,-73.935971,1072
Leonard St & Boerum St,40.70583339,-73.94644578,4906
Leonard St & Church St,40.717571,-74.005549,18571
Leonard St & Maujer St,40.71036854,-73.94705951,8987
Leonard St & Nassau Ave,40.72395678,-73.94984365,11553
Lewis Ave & Decatur St,40.6814598,-73.934903,5243
Lewis Ave & Kosciuszko St,40.69237074,-73.93705428,5719
Lewis Ave & Madison St,40.686312,-73.935775,8292
Lexington Ave & Classon Ave,40.68676793,-73.95928168,8990
Lexington Ave & E 111 St,40.7954121,-73.9441232,8710
Lexington Ave & E 120 St,40.8013066,-73.9398167,4676
Lexington Ave & E 127 St,40.805726,-73.936322,3305
Lexington Ave & E 128 St,40.806414,-73.936085,1272
Lexington Ave & E 26 St,40.741459,-73.983293,43451
Lexington Ave & E 29 St,40.74311555,-73.98215353,26296
Lexington Ave & E 36 St,40.74757396,-73.97880077,18452
Lexington Ave & E 63 St,40.76440023,-73.96648977,3236
Liberty Light Rail,40.7112423,-74.0557013,7
Liberty St & Broadway,40.70905623,-74.01043382,20224
Liberty St & Nassau St,40.70858894,-74.00935482,1560
Lincoln Ave & E 134 St,40.808484,-73.928803,834
Lincoln Ave & E 138 St,40.810893,-73.927311,1474
Lincoln Pl & Classon Ave,40.6721683,-73.9609,2879
Linden St & Knickerbocker Ave,40.69714,-73.91566,789
Lispenard St & Broadway,40.71939226,-74.00247214,28494
Little West St & 1 Pl,40.70569254,-74.01677685,42074
Longfellow Ave & E 165 St,40.825322,-73.887729,14
Longwood Ave & Southern Blvd,40.816343,-73.896447,429
Lorimer St & Broadway,40.70411791,-73.94818595,3919
Lorimer St & Calyer St,40.72795,-73.95414,3192
Louis Nine Blvd & Intervale Ave,40.831998,-73.892686,151
MacDougal St & Prince St,40.72710258,-74.00297088,42630
MacDougal St & Washington Sq,40.73226398,-73.99852205,27784
Macombs Pl & W 152 St,40.826406,-73.937948,1412
Macon St & Nostrand Ave,40.68098339,-73.95004798,9672
Madison Av & E 51 St,40.75863,-73.97513,5977
Madison Ave & E 120 St,40.80295,-73.942954,5317
Madison Ave & E 26 St,40.74268473,-73.98671329,7818
Madison Ave & E 82 St,40.7781314,-73.96069399,16672
Madison Ave & E 99 St,40.78948542,-73.95242929,10518
Madison St & Clinton St,40.71269042,-73.98776323,17012
Madison St & Cypress Ave,40.70068,-73.90742,986
Madison St & Evergreen Ave,40.69122,-73.91693,820
Madison St & Forest Ave,40.70555,-73.90245,1662
Madison St & Montgomery St,40.713126,-73.984844,14088
Madison St & Seneca Ave,40.70183,-73.90625,987
Madison St & Woodward Ave,40.70408,-73.90408,1286
Maiden Ln & Pearl St,40.70706456,-74.00731853,17085
Manhattan Av & Leonard St,40.72084,-73.94844,2230
Manila & 1st,40.72165072,-74.04288411,3
Marcus Garvey Blvd & Macon St,40.682601,-73.938037,5139
Marcy Ave & Lafayette Ave,40.6900815,-73.947915,6497
Marin Light Rail,40.71458404,-74.04281706,6
Market St & Cherry St,40.71076228,-73.99400398,12697
McGuinness Blvd & Eagle St,40.73555,-73.95284,11000
McKibbin St & Bogart St,40.706237,-73.933871,6203
McKibbin St & Manhattan Ave,40.70510918,-73.94407279,5722
Melrose Ave & E 150 St,40.816827,-73.917338,1653
Melrose Ave & E 154 St,40.819609,-73.916071,538
Melrose St & Broadway,40.697481,-73.935877,3570
Menahan St & Central Ave,40.69543,-73.9196,1238
Menahan St & Onderdonk Ave,40.70553,-73.9096,945
Menahan St & Seneca Ave,40.70461,-73.91054,1229
Menahan St & Wyckoff Ave,40.70113,-73.91422,1429
Mercer St & Bleecker St,40.72706363,-73.99662137,33270
Mercer St & Spring St,40.72362738,-73.99949601,33693
Meserole Ave & Manhattan Ave,40.72708584,-73.95299117,13813
Metropolitan Ave & Bedford Ave,40.71534825,-73.96024116,31090
Metropolitan Ave & Meeker Ave,40.71413311,-73.95234386,13120
Metropolitan Ave & Stewart Ave,40.71401,-73.92793,489
Metropolitan Ave & Vandervoort Ave,40.71429,-73.93323,479
Milton St & Franklin St,40.72906,-73.95779,22941
Moffat St & Bushwick,40.68458,-73.90925,844
Monmouth and 6th,40.72568548,-74.04879034,2
Monroe St & Bedford Ave,40.6851443,-73.95380904,8604
Monroe St & Classon Ave,40.6845683,-73.95881081,6842
Monroe St & Tompkins Ave,40.686203,-73.944694,7658
Montague St & Clinton St,40.69428114,-73.99230033,5732
Montgomery St,40.71942,-74.05099,1
Montgomery St & Franklin Ave,40.66643931,-73.96055639,2020
Montrose Ave & Bushwick Ave,40.70767788,-73.94016171,9797
Morgan Ave & Lombardy St,40.72226,-73.93889,2010
Morgan Ave & Maspeth Ave,40.716657,-73.93637,1717
Morningside Ave & W 123 St,40.81,-73.9551508,6476
Morningside Dr & Amsterdam Ave,40.81028506,-73.95736456,2733
Morris Ave & E 142 St,40.814469,-73.924963,822
Morris Ave & E 153 St,40.820036,-73.921411,1006
Morris Ave & E 171 St,40.83899,-73.9109,42
Morris Ave & McClellan St,40.831584,-73.9149,576
Morris Canal,40.71241882,-74.03852552,1
Motorgate,40.7639089,-73.9477213,7447
Mott St & Prince St,40.72317958,-73.99480012,39376
Mount Eden Pkwy & Eastburn Ave,40.842675,-73.908544,17
Mt Morris Park W & W 120 St,40.804038,-73.945925,8393
Murray St & Greenwich St,40.71485151,-74.01122332,29014
Murray St & West St,40.7149787,-74.013012,24328
Myrtle Ave & Grove St,40.69905,-73.91516,1243
Myrtle Ave & Lewis Ave,40.69681963,-73.93756926,6719
Myrtle Ave & Linden St,40.69943,-73.91337,1929
Myrtle Ave & Marcy Ave,40.69539817,-73.94954908,5702
Myrtle Ave & St Edwards St,40.69327018,-73.97703874,7321
N 11 St & Kent Ave,40.72248189,-73.95921931,9049
N 12 St & Bedford Ave,40.72079821,-73.95484712,13370
N 15 St & Wythe Ave,40.724055,-73.955736,4860
N 6 St & Bedford Ave,40.71745169,-73.95850939,27780
NYCBS DEPOT - DELANCEY,40.71644423,-73.98233056,70
NYCBS Depot BAL - DYR,40.75903008,-73.9938587,1
Nassau Ave & Newell St,40.72481256,-73.94752622,10152
Nassau Ave & Russell St,40.72557,-73.94434,13596
Nassau St & Navy St,40.69839895,-73.98068914,8503
Nelson Ave & W 172 St,40.843965,-73.920999,829
Newark Ave,40.72152515,-74.04630454,1
Newport PATH,40.7272235,-74.0337589,10
Newport Pkwy,40.7287448,-74.0321082,16
Newton Rd & 44 St,40.7595701,-73.9142678,5088
Newtown Ave & 23 St,40.7713615,-73.9246145,5884
Norfolk St & Broome St,40.7172274,-73.98802084,32878
Norman St & Wyckoff Ave,40.69517,-73.90311,1619
North Moore St & Greenwich St,40.72019521,-74.01030064,42351
Nostrand Ave & Myrtle Ave,40.69527008,-73.95238108,4382
Ogden Ave & Merriam Ave,40.839142,-73.925961,302
Ogden Ave & W 164 St,40.832812,-73.929372,562
Ogden Ave & W 165 St,40.834457,-73.928381,687
Old Broadway & W 133 St,40.818212,-73.955277,265
Old Fulton St,40.70277159,-73.99383605,27348
Old Slip & Front St,40.7037992,-74.00838676,10761
Onderdonk Ave & Dekalb Ave,40.70863,-73.91497,742
Onderdonk Ave & Gates Ave,40.70413,-73.90737,730
Pacific St & Classon Ave,40.6791944,-73.9587903,2447
Pacific St & Nevins St,40.6853761,-73.98302136,6904
Park Ave & E 124 St,40.8045555,-73.9396861,15998
Park Ave & E 162 St,40.825716,-73.915585,743
Park Ave & Marcus Garvey Blvd,40.698617,-73.941342,4231
Park Ave & St Edwards St,40.69608941,-73.97803415,3128
Park Pl & Church St,40.71334184,-74.00935516,14077
Park Pl & Franklin Ave,40.6741806,-73.9564947,6334
Park Pl & Vanderbilt Ave,40.6767,-73.969024,10297
Paulus Hook,40.7141454,-74.0335519,11
Pearl St & Hanover Square,40.7047177,-74.00926027,19707
Pearl St & Peck Slip,40.708485,-74.002751,9864
Peck Slip & Front St,40.707873,-74.00167,13663
Perry St & Bleecker St,40.73535398,-74.00483091,29908
Perry St & Greenwich Ave,40.735918,-74.000939,9107
Pershing Field,40.74267714,-74.05178863,1
Pershing Square North,40.751873,-73.977706,71946
Pershing Square South,40.751581,-73.97791,27854
Picnic Point,40.6851256,-74.02535319,9610
Pier 40 - Hudson River Park,40.72771408,-74.01129574,54725
Pierrepont St & Monroe Pl,40.69535693,-73.99344027,7651
Pike St & E Broadway,40.71406667,-73.99293911,19777
Pike St & Monroe St,40.71173107,-73.99193043,17783
Pioneer St & Richards St,40.6777748,-74.0094613,2381
Pioneer St & Van Brunt St,40.679043,-74.011169,5732
Pitt St & Stanton St,40.71926081,-73.98178024,7013
Plaza Dr & W 170 St,40.840484,-73.917946,309
Plaza St West & Flatbush Ave,40.6750207,-73.97111473,10486
Pleasant Ave & E 116 St,40.7949879,-73.9333349,13766
Pleasant Ave & E 120 St,40.7974772,-73.9311847,5212
Powers St & Olive St,40.71323,-73.93894,3121
President St & Henry St,40.6828003,-73.99990419,5704
Prospect Ave & E 151 St,40.814232,-73.903927,1229
Prospect Ave & E 167 St,40.826303,-73.898751,34
Prospect Ave & Jennings St,40.831762,-73.896853,97
Prospect Ave & Longwood Ave,40.81899,-73.90202,1134
Prospect Park West & 8 St,40.66514682,-73.97637606,10209
Prospect Pl & 6 Ave,40.6793307,-73.97519523,5361
Prospect Pl & Underhill Ave,40.6769694,-73.96579,5444
Pulaski St & Marcus Garvey Blvd,40.6933982,-73.939877,4380
Putnam Ave & Knickerbocker Ave,40.69545,-73.91164,1597
Putnam Ave & Nostrand Ave,40.68402,-73.94977,3990
Putnam Ave & Throop Ave,40.6851532,-73.94111,5680
Putnam Ave & Wyckoff Ave,40.69811,-73.90904,1727
Queens Plaza North & Crescent St,40.75110165,-73.94073717,23201
Railroad Ave & Kay Ave,40.70531194,-73.97100056,678
Reade St & Broadway,40.71450451,-74.00562789,15531
Richards St & Delavan St,40.6794327,-74.00785041,1993
Richardson St & N Henry St,40.71907891,-73.9422369,7773
River Ave & E 151 St,40.822217,-73.928939,217
River Ave & E 153 St,40.82441,-73.92818,1053
River Ave & McClellan St,40.83406,-73.92243,353
Riverside Blvd & W 67 St,40.77750703,-73.98888588,24911
Riverside Dr & W 104 St,40.8013434,-73.97114574,15186
Riverside Dr & W 138 St,40.823168,-73.955857,3793
Riverside Dr & W 145 St,40.827305,-73.951989,2802
Riverside Dr & W 148 St,40.829114,-73.950426,3639
Riverside Dr & W 72 St,40.78057799,-73.98562431,25730
Riverside Dr & W 78 St,40.78414472,-73.98362492,15485
Riverside Dr & W 82 St,40.78720869,-73.98128127,15730
Riverside Dr & W 91 St,40.79313481,-73.97700369,13926
Riverview Park,40.7443187,-74.0439909,7
Rivington St & Chrystie St,40.72110063,-73.9919254,24641
Rivington St & Ridge St,40.71850211,-73.98329859,21741
Rockaway Ave & Bainbridge St,40.68319988,-73.91166642,2833
Roebling St & N 4 St,40.71469,-73.95739,15014
Rogers Ave & Sterling St,40.6630619,-73.9538746,6303
Roosevelt Island Tramway,40.757284,-73.9536,7377
S 3 St & Bedford Ave,40.71260486,-73.96264403,20609
S 4 St & Rodney St,40.70934,-73.95608,11050
S 4 St & Wythe Ave,40.71285887,-73.96590294,32341
S 5 Pl & S 5 St,40.710451,-73.960876,37878
S Portland Ave & Hanson Pl,40.68539567,-73.97431458,8304
Sands St Gate,40.699569,-73.979827,4141
Schermerhorn St & Bond St,40.68841743,-73.98451656,14577
Schermerhorn St & Court St,40.69102926,-73.99183363,10272
Scholes St & Manhattan Ave,40.70870368,-73.9448625,13007
Shakespeare Ave & W 169 St,40.839312,-73.922423,469
Sharon St & Olive St,40.715353,-73.93856,6741
Sheridan Ave & E 168 St,40.835334,-73.9154,489
Sheridan Ave & E 172 St,40.840494,-73.911479,4
Sherman Ave & E 166 St,40.83130549,-73.91744792,185
Sigourney St & Columbia St,40.67267243,-74.00879525,3307
Sip Ave,40.7308971,-74.06391263,4
Smith St & 3 St,40.6787242,-73.99599099,7265
Smith St & 9 St,40.6746957,-73.99785768,7259
Soissons Landing,40.69231661,-74.01486576,13977
Somers St & Broadway,40.67945,-73.90474,403
South End Ave & Liberty St,40.711512,-74.015756,29932
South St & Gouverneur Ln,40.70355377,-74.00670227,32150
South St & Whitehall St,40.70122128,-74.01234218,24893
Southern Blvd & Avenue St. John,40.812769,-73.901583,367
Southern Blvd & E 142 St,40.80734744,-73.90809774,168
Southern Blvd & E 149 St,40.811892,-73.904192,38
Southern Blvd & E 172 St,40.834124,-73.88955,554
Southern Blvd & E 175 St,40.839335,-73.886445,9
Southern Blvd & Tiffany St,40.818185,-73.894143,245
Southpoint Park,40.75370225,-73.95865202,3625
Spruce St & Nassau St,40.71146364,-74.00552427,17170
St Ann's Ave & Westchester Ave,40.815887,-73.911918,438
St James Pl & Oliver St,40.71307916,-73.99851193,15886
St James Pl & Pearl St,40.71117416,-74.00016545,8963
St Johns Pl & Washington Ave,40.6737236,-73.9631611,7244
St Marks Pl & 1 Ave,40.72779126,-73.98564945,41782
St Marks Pl & 2 Ave,40.7284186,-73.98713956,39428
St Mary's St & Jackson Ave,40.808891,-73.91081,784
St Nicholas Ave & E 134 St,40.816234,-73.948222,4107
St Nicholas Ave & Manhattan Ave,40.809725,-73.953149,13670
St Nicholas Ave & W 137 St,40.818477,-73.947568,3571
St Nicholas Ave & W 150 St,40.827212,-73.942722,1878
St. Ann's Av & Bruckner Blvd,40.803399,-73.919763,675
St. Ann's Ave & E 144 St,40.811112,-73.914932,635
St. Nicholas Ave & W 126 St,40.8114323,-73.9518776,13208
St. Nicholas Ave & W 155 St,40.830663,-73.941323,1120
St. Nicholas Ave & W 157 St,40.832314,-73.94102,868
St. Nicholas Terrace & Convent Ave,40.821294,-73.947868,823
Stagg St & Morgan Ave,40.710681,-73.93372,2763
Stagg St & Union Ave,40.70877084,-73.95095259,14600
Stanhope St & Fairview Ave,40.70998,-73.91116,868
Stanton St & Chrystie St,40.72229346,-73.99147535,29952
Stanton St & Mangin St,40.71782143,-73.97628939,14426
Stanton St & Norfolk St,40.720747,-73.986274,23666
State St & Smith St,40.68926942,-73.98912867,11858
Steinway St & 23 Ave,40.7713937,-73.9077436,5229
Steinway St & 28 Ave,40.7656251,-73.9136695,8445
Stephen St & Seneca Ave,40.6988,-73.9007,312
Sterling Pl & Bedford Ave,40.672695,-73.954131,7646
Sterling St & Bedford Ave,40.6627059,-73.9569115,4738
Stewart Ave & Johnson Ave,40.70869,-73.92587,924
Stockholm St & Wilson Ave,40.699304,-73.923044,4521
Stuyvesant Walk & 1 Av Loop,40.73233978,-73.97898383,3882
Suffolk St & Stanton St,40.72066442,-73.98517977,28557
Sullivan Pl & Bedford Ave,40.6642406,-73.9574686,1745
Sullivan Pl & Franklin Ave,40.66407984,-73.96025129,2518
Sullivan St & Washington Sq,40.73047747,-73.99906065,33579
Sunken Meadow Comfort Station,40.79558,-73.91906,361
Suydam St & Broadway,40.69544,-73.93223,3204
Suydam St & Knickerbocker Ave,40.702013,-73.923769,7273
Suydam St & St. Nicholas Ave,40.70636,-73.91945,1068
Throop Ave & Myrtle Ave,40.69622937,-73.94371094,3201
Tinton Ave & E 165 St,40.824796,-73.90242,336
Tompkins Ave & Hopkins St,40.69957608,-73.94708417,4209
Underhill Ave & Lincoln Pl,40.6740123,-73.9671457,8229
Underhill Ave & Pacific St,40.6804836,-73.9646795,6443
Union Ave & E 169 St,40.82995,-73.898802,4
Union Ave & Jackson St,40.7160751,-73.952029,7014
Union Ave & N 12 St,40.71924,-73.95242,20524
Union Ave & Wallabout St,40.70029511,-73.95032283,4524
Union St,40.7182113,-74.0836394,1
Union St & 4 Ave,40.6772744,-73.98282002,10195
Union St & Bedford Ave,40.6691783,-73.9554162,3528
Union St & Nevins St,40.679098,-73.98765475,5433
University Ave & W 168 St,40.838706,-73.927034,24
University Pl & E 14 St,40.734814,-73.992085,38910
University Pl & E 14 St,40.73492695,-73.99200509,7031
University Pl & E 14 St (old),40.73492695,-73.99200509,2
University Pl & E 8 St,40.73143724,-73.99490342,33721
Van Brunt St & Van Dyke St,40.67583294,-74.01472628,9075
Van Brunt St & Wolcott St,40.6773429,-74.01275056,5618
Van Buren St & Broadway,40.692,-73.92617,2068
Van Sinderen Ave & Truxton St,40.6786,-73.90369,1711
Van Vorst Park,40.71848892,-74.04772663,4
Vernon Blvd & 10 St,40.7671863,-73.9373554,5375
Vernon Blvd & 30 Rd,40.770845,-73.934171,6389
Vernon Blvd & 31 Ave,40.7692475,-73.9354504,5444
Vernon Blvd & 41 Rd,40.7552433,-73.9485678,5181
Vernon Blvd & 47 Rd,40.7449067,-73.9534573,7796
Vernon Blvd & 50 Ave,40.74232744,-73.95411749,14737
Verona Pl & Fulton St,40.68035608,-73.9476791,5512
Vesey Pl & River Terrace,40.7153379,-74.01658354,40208
W 100 St & Broadway,40.7973721,-73.97041192,19111
W 100 St & Manhattan Ave,40.795,-73.9645,16470
W 104 St & Amsterdam Ave,40.79904139,-73.9664948,8992
W 106 St & Amsterdam Ave,40.8008363,-73.96644925,11064
W 106 St & Central Park West,40.7981856,-73.9605909,18727
W 107 St & Columbus Ave,40.7997568,-73.96211287,6536
W 11 St & 6 Ave,40.73532427,-73.99800419,27657
W 110 St & Amsterdam Ave,40.802692,-73.96295,11863
W 113 St & Broadway,40.805973,-73.964928,8973
W 116 St & Amsterdam Ave,40.8067581,-73.9607082,7424
W 116 St & Broadway,40.8082,-73.9641,8298
W 120 St & Claremont Ave,40.8109494,-73.9634,6620
W 129 St & Convent Ave,40.81439444,-73.95324737,3992
W 13 St & 5 Ave,40.735445,-73.99431,32320
W 13 St & 7 Ave,40.73781509,-73.99994661,33066
W 133 St & 12 Ave,40.820003,-73.959089,4268
W 135 St & Lenox Terrace Pl,40.813619,-73.939336,2890
W 140 St & Riverside Dr,40.824013,-73.954743,1084
W 144 St & Adam Clayton Powell Blvd,40.820877,-73.939249,2510
W 145 St & Amsterdam Ave,40.825244,-73.947257,1844
W 146 St & Broadway,40.826969,-73.949738,2470
W 147 St & Adam Clayton Powell Blvd,40.82281,-73.937413,2050
W 148 St & Amsterdam Ave,40.827075,-73.945909,1651
W 15 St & 10 Ave,40.74275383,-74.00747359,28698
W 15 St & 6 Ave,40.73804614,-73.99642959,18184
W 15 St & 7 Ave,40.73935542,-73.99931783,44285
W 155 St & Frederick Douglass Blvd,40.82923,-73.936996,1179
W 159 St & Edgecombe Ave,40.833303,-73.939326,252
W 16 St & The High Line,40.74334935,-74.00681753,29353
W 160 St & St. Nicholas Ave,40.834468,-73.939865,1186
W 163 St & Edgecombe Ave,40.835798,-73.937496,252
W 163 St & Riverside Dr,40.839278,-73.945446,911
W 165 St & Fort Washington Ave,40.84004,-73.942939,1931
W 169 St & Fort Washington Ave,40.8428422,-73.9421253,4929
W 17 St & 8 Ave,40.74177603,-74.00149746,42247
W 170 St & University Ave,40.84207,-73.926075,637
W 171 St & St. Nicholas Ave,40.842941,-73.938631,898
W 18 St & 6 Ave,40.73971301,-73.99456405,30330
W 18 St & 9 Ave,40.74353373,-74.00367558,9836
W 180 St & Ft Washington Ave,40.849972,-73.938423,2372
W 181 St & Riverside Dr,40.85168,-73.94186,1627
W 20 St & 10 Ave,40.745686,-74.005141,5790
W 20 St & 11 Ave,40.746745,-74.007756,44959
W 20 St & 7 Ave,40.74238787,-73.99726235,35507
W 20 St & 8 Ave,40.74345335,-74.00004031,31570
W 21 St & 6 Ave,40.74173969,-73.99415556,76829
W 22 St & 10 Ave,40.74691959,-74.00451887,47676
W 22 St & 8 Ave,40.74475148,-73.99915362,39032
W 24 St & 7 Ave,40.74487634,-73.99529885,45735
W 25 St & 6 Ave,40.74395411,-73.99144871,34961
W 26 St & 10 Ave,40.74971775,-74.00295035,28318
W 26 St & 8 Ave,40.74734825,-73.99723551,38724
W 27 St & 7 Ave,40.746647,-73.993915,36917
W 30 St & 10 Ave,40.752694,-74.002353,19401
W 31 St & 7 Ave,40.749156,-73.9916,43199
W 33 St & 7 Ave,40.75019995,-73.99093085,39128
W 34 St & 11 Ave,40.75594159,-74.0021163,42245
W 35 St & Dyer Ave,40.75469175,-73.99740189,20170
W 36 St & 9 Ave,40.75462324,-73.99516761,3238
W 37 St & 10 Ave,40.75660359,-73.9979009,32623
W 37 St & 5 Ave,40.75038009,-73.98338988,20600
W 38 St & 8 Ave,40.75466591,-73.99138152,27624
W 39 St & 9 Ave,40.75645824,-73.99372222,3
W 4 St & 7 Ave S,40.73401143,-74.00293877,45418
W 40 St & 5 Ave,40.752269,-73.982079,23766
W 41 St & 8 Ave,40.75640548,-73.9900262,46797
W 42 St & 6 Ave,40.75492,-73.98455,11037
W 42 St & 8 Ave,40.7575699,-73.99098507,27747
W 42 St & Dyer Ave,40.75898481,-73.99379969,23341
W 43 St & 10 Ave,40.76009437,-73.99461843,34683
W 44 St & 5 Ave,40.75500254,-73.98014437,24341
W 45 St & 6 Ave,40.7568001,-73.98291153,26720
W 45 St & 8 Ave,40.75929124,-73.98859651,28426
W 46 St & 11 Ave,40.76341379,-73.99667444,29495
W 47 St & 10 Ave,40.76269882,-73.99301222,31929
W 47 St & 6 Ave,40.758397,-73.98255,5412
W 48 St & Rockefeller Plaza,40.75793646,-73.97960275,5348
W 49 St & 8 Ave,40.76227205,-73.98788205,35420
W 50 St & 9 Ave,40.76360468,-73.98917958,25543
W 51 St & 6 Ave,40.7606597,-73.98042047,50
W 51 St & Rockefeller Plaza,40.75969996,-73.97808194,5172
W 52 St & 11 Ave,40.76727216,-73.99392888,20794
W 52 St & 5 Ave,40.75992262,-73.97648516,16038
W 52 St & 6 Ave,40.76132983,-73.97982001,25675
W 53 St & 10 Ave,40.76669671,-73.99061728,32437
W 54 St & 9 Ave,40.76584941,-73.98690506,22147
W 55 St & 6 Ave,40.763189,-73.978434,22941
W 55 St & 6 Ave,40.763201,-73.978458,505
W 56 St & 10 Ave,40.768254,-73.988639,23294
W 59 St & 10 Ave,40.770513,-73.988038,26002
W 63 St & Broadway,40.77163851,-73.98261428,27776
W 64 St & Thelonious Monk Circle,40.77515953,-73.98918696,21502
W 67 St & Broadway,40.77492513,-73.98266566,23128
W 70 St & Amsterdam Ave,40.77748046,-73.98288594,25349
W 74 St & Columbus Ave,40.7785669,-73.97754961,14387
W 76 St & Columbus Ave,40.78018397,-73.97728533,16326
W 78 St & Amsterdam Ave,40.78253586,-73.97908509,11798
W 78 St & Broadway,40.78339981,-73.98093133,6496
W 82 St & Central Park West,40.78275,-73.97137,7203
W 84 St & Broadway,40.7867947,-73.977112,16154
W 84 St & Columbus Ave,40.78499979,-73.97283406,20816
W 87 St & Amsterdam Ave,40.78839,-73.9747,11092
W 87 St & West End Ave,40.789622,-73.97757,10275
W 88 St & West End Ave,40.79025417,-73.9771834,851
W 89 St & Columbus Ave,40.7882213,-73.97041561,18257
W 90 St & Amsterdam Ave,40.79017948,-73.97288918,11111
W 92 St & Broadway,40.7921,-73.9739,11580
W 95 St & Broadway,40.7937704,-73.971888,18943
W Broadway & Spring St,40.72494672,-74.00165856,17870
W Broadway & Spring Street,40.72494672,-74.00165856,14275
W Broadway & W Houston St,40.726378,-74.000472,10545
Wadsworth Ave & W 175 St,40.846052,-73.937648,834
Wadsworth Ave & W 179 St,40.848467,-73.936064,1507
Wales Ave & E 147 St,40.811314,-73.907729,634
Wall St & South St,40.70437,-74.00637,12684
Walnut Ave & E 136 St,40.801657,-73.909513,330
Walton Ave & E 168 St,40.83649,-73.918316,472
Walton Ave & E 171 St,40.840683,-73.915073,284
Wards Meadow Comfort Station,40.78294,-73.93077,880
Warren St & Court St,40.686371,-73.99383324,7639
Warren St & W Broadway,40.71473993,-74.00910627,395
Washington Ave & E 163 St,40.824,-73.91089,86
Washington Ave & E 167 St,40.829896,-73.907618,165
Washington Ave & E 174 St,40.843079,-73.900216,38
Washington Ave & Greene Ave,40.68650065,-73.96563307,7426
Washington Ave & Park Ave,40.69610226,-73.96751037,9998
Washington Park,40.6917823,-73.9737299,10014
Washington Pl & 6 Ave,40.73224119,-74.00026394,26178
Washington Pl & Broadway,40.72903917,-73.99404649,25549
Washington St,40.7242941,-74.0354826,10
Washington St & Gansevoort St,40.739323,-74.008119,44022
Water - Whitehall Plaza,40.70255065,-74.0127234,13233
Waterbury St & Stagg St,40.71019,-73.93734,3073
Waterloo Pl & Crotona Park East,40.839194,-73.888587,83
Watts St & Greenwich St,40.72405549,-74.00965965,24620
Webster Ave & E 166 St,40.828975,-73.911259,49
West Drive & Prospect Park West,40.66106337,-73.97945255,25814
West End Ave & W 107 St,40.8021174,-73.96818053,9498
West End Ave & W 60 St,40.77237,-73.99005,14180
West End Ave & W 78 St,40.783786,-73.981687,2487
West End Ave & W 94 St,40.7941654,-73.974124,14141
West Farms Rd & Boone Ave,40.830025,-73.886312,81
West St & Chambers St,40.71754834,-74.01322069,81350
West St & Liberty St,40.711444,-74.014847,29716
West Thames St,40.70834698,-74.01713445,29438
Westchester Ave & E 156 St,40.817802,-73.905203,464
Westchester Ave & Jackson Ave,40.816124,-73.908116,1040
Westchester Ave & Longwood Ave,40.819701,-73.901311,589
White St & Johnson Ave,40.707174,-73.93581,1387
White St & Moore St,40.704508,-73.9351,4794
Wilkins Ave & Crotona Park E,40.835302,-73.895133,71
William St & Pine St,40.70717936,-74.00887308,19781
Willis Ave & Bruckner Blvd,40.805701,-73.925177,1254
Willis Ave & E 137 St,40.808384,-73.923604,1365
Willis Ave & E 141 St,40.81093,-73.921606,1269
Willis Ave & E 143 St,40.812299,-73.92037,598
Willoughby Ave & Hall St,40.69196035,-73.96536851,9850
Willoughby Ave & Myrtle Ave,40.69757,-73.93098,4283
Willoughby Ave & Onderdonk Ave,40.7098,-73.91727,742
Willoughby Ave & Tompkins Ave,40.69425403,-73.94626915,6103
Willoughby Ave & Walworth St,40.69331716,-73.95381995,6703
Willoughby Ave & Wyckoff Ave,40.705614,-73.92153,4162
Willoughby St & Ashland Pl,40.69178,-73.97877,1946
Willoughby St & Fleet St,40.69196566,-73.9813018,13977
Willow Ave & E 133 St,40.800933,-73.913863,1735
Wilson Ave & Moffat St,40.68906,-73.90506,1108
Wilson Ave & Troutman St,40.70166,-73.92754,2602
Withers St & Kingsland Ave,40.71773,-73.94051,2496
Wolcott St & Dwight St,40.6753274,-74.0100698,1490
Woodward Ave & Harman St,40.70793,-73.91092,887
Wyckoff Av & Jefferson St,40.707165,-73.923711,5393
Wyckoff Av & Stanhope St,40.703545,-73.917775,3122
Wyckoff St & 3 Ave,40.6827549,-73.98258555,3241
Wyckoff St & Bond St,40.68461654,-73.98721285,1168
Wyckoff St & Nevins St,40.683426,-73.984275,3207
Wythe Ave & Metropolitan Ave,40.716887,-73.963198,25924
Yankee Ferry Terminal,40.686931,-74.016966,11977
York St,40.71649,-74.04105,2
