Start Station,Start Latitude,Start Longitude,Total Trips Started
1 Ave & E 110 St,40.7923272,-73.9383,10369
1 Ave & E 16 St,40.73221853,-73.98165557,49775
1 Ave & E 18 St,40.73381219,-73.98054421,39799
1 Ave & E 30 St,40.74144387,-73.97536082,25934
1 Ave & E 39 St,40.74714,-73.97113,12714
1 Ave & E 44 St,40.75001986,-73.96905301,19199
1 Ave & E 5 St,40.725864,-73.986389,15478
1 Ave & E 62 St,40.7612274,-73.96094022,36622
1 Ave & E 68 St,40.76500525,-73.95818491,57393
1 Ave & E 78 St,40.77140426,-73.9535166,35933
1 Ave & E 94 St,40.7817212,-73.94594,13325
1 Pl & Clinton St,40.6809591,-73.99905709,6409
10 Ave & W 28 St,40.75066386,-74.00176802,40887
10 Hudson Yards,40.752957,-74.00264,1324
10 St & 2 Ave,40.671907,-73.993612,2204
10 St & 5 Ave,40.6686273,-73.98700053,4766
10 St & 7 Ave,40.6662078,-73.98199886,6323
11 Ave & W 27 St,40.751396,-74.005226,40218
11 Ave & W 41 St,40.76030096,-73.99884222,42262
11 Ave & W 59 St,40.77149671,-73.99046034,34295
11 St & 35 Ave,40.7627442,-73.9391141,944
11 St & 43 Ave,40.7519071,-73.9479119,2551
12 Ave & W 125 St,40.818299,-73.960405,11220
12 Ave & W 40 St,40.76087502,-74.00277668,72500
12 St & 4 Ave,40.668603,-73.9904394,2190
14 St & 5 Ave,40.666287,-73.98895053,9024
14 St & 7 Ave,40.663779,-73.98396846,7701
19 St & 24 Ave,40.7774552,-73.9225403,5851
2 Ave & 36 St,40.65708867,-74.00870204,3648
2 Ave & 36 St - Citi Bike HQ at Industry City,40.65708867,-74.00870204,1641
2 Ave & E 104 St,40.7892105,-73.94370784,9565
2 Ave & E 122 St,40.8006721,-73.9349,4325
2 Ave & E 125 St,40.802554,-73.933509,3322
2 Ave & E 31 St,40.74290902,-73.97706058,41233
2 Ave & E 72 St,40.76876203,-73.95840794,27014
2 Ave & E 96 St,40.7839636,-73.9471673,19553
2 Ave & E 99 St,40.7862586,-73.94552579,7323
21 St & 31 Dr,40.7659,-73.930819,5439
21 St & 36 Ave,40.7601853,-73.9362726,2418
21 St & 38 Ave,40.7576314,-73.9391224,1294
21 St & 43 Ave,40.75052534,-73.94594845,2632
21 St & Hoyt Ave S,40.774645,-73.923706,5516
21 St & Queens Plaza North,40.75325964,-73.94335788,6429
23 Ave & 27 St,40.776165,-73.9153175,2748
24 Ave & 26 St,40.774591,-73.918544,3132
24 Ave & 29 St,40.7729,-73.916142,3695
24 St & 41 Ave,40.752474,-73.939991,2403
24 St & 41 Ave,40.7527085,-73.9397405,1945
27 Ave & 3 St,40.77485,-73.9342,1656
27 Ave & 4 St,40.7747175,-73.9337894,189
27 Ave & 9 St,40.7739825,-73.9309134,3674
27 St & Hunter St,40.7485,-73.941275,7754
28 Ave & 35 St,40.7671,-73.9169858,6555
28 Ave & 44 St,40.76408932,-73.91065121,3538
28 St & 36 Ave,40.757186,-73.932719,3659
28 St & 38 Ave,40.754876,-73.934326,1651
28 St & 41 Ave,40.751047,-73.93797,7802
3 Ave & 14 St,40.6685455,-73.99333264,4175
3 Ave & Carroll St,40.677027,-73.9865,3627
3 Ave & E 100 St,40.7877214,-73.94728331,4285
3 Ave & E 112 St,40.795508,-73.941606,4648
3 Ave & E 163 St,40.823872,-73.908699,230
3 Ave & E 169 St,40.832678,-73.905158,544
3 Ave & E 170 St,40.834857,-73.903743,236
3 Ave & E 172 St,40.839586,-73.900277,347
3 Ave & E 174 St,40.84224,-73.8985,333
3 Ave & E 62 St,40.76312584,-73.96526895,19172
3 Ave & E 71 St,40.76873687,-73.96119945,9335
3 Ave & E 72 St,40.7699426,-73.96060712,10038
3 Ave & E 95 St,40.7845968,-73.94968539,1562
3 Ave & Franklin Ave,40.82696,-73.907451,344
3 Ave & Schermerhorn St,40.68683208,-73.9796772,12357
3 St & 3 Ave,40.6750705,-73.98775226,7305
3 St & 7 Ave,40.6703837,-73.97839676,9029
3 St & Hoyt St,40.6777287,-73.99364123,3771
3 St & Prospect Park West,40.668132,-73.97363831,14553
30 Ave & 21 St,40.7703743,-73.9286078,3365
31 Ave & 14 St,40.7682,-73.9322662,2981
31 Ave & 30 St,40.7647,-73.9240312,5526
31 Ave & 34 St,40.763154,-73.920827,8951
31 Ave & Crescent St,40.7658346,-73.9265474,5186
31 Ave & Steinway St,40.7611488,-73.9170071,4659
31 Ave & Steinway St,40.7612939,-73.91691685,2887
31 St & 23 Ave,40.7747878,-73.9125551,11722
31 St & Astoria Blvd,40.7699176,-73.9184057,5072
31 St & Broadway,40.761584,-73.925921,11716
31 St & Hoyt Ave N,40.7711528,-73.9170074,2842
31 St & Newtown Ave,40.76754878,-73.92093346,13052
31 St & Northern Blvd,40.75186951,-73.9334929,3420
31 St & Thomson Ave,40.74469738,-73.93540375,3817
34 Ave & 13 St,40.7638753,-73.9364848,1958
34 Ave & 21 St,40.7628138,-73.9342862,2436
34 Ave & 38 St,40.756913,-73.921631,9435
34 St & 35 Ave,40.7569332,-73.9262231,4088
35 Ave & 10 St,40.76315482,-73.9398551,2974
35 Ave & 37 St,40.7557327,-73.9236611,4609
35 St & 34 Ave,40.7580583,-73.9242751,3851
35 St & Broadway,40.760339,-73.9222427,5359
36 Ave & 10 St,40.7614376,-73.9411265,3814
36 Ave & 31 St,40.75651273,-73.92957486,6712
37 Ave & 35 St,40.7531106,-73.9279917,3771
37 St & 24 Ave,40.7701477,-73.9120938,3451
38 Ave & 29 St,40.75473,-73.93367,2800
39 St & 2 Ave,40.65539977,-74.01062787,2281
39 St & 2 Ave - Citi Bike HQ at Industry City,40.65539977,-74.01062787,914
4 Ave & 9 St,40.6705135,-73.98876585,6794
4 Ave & E 12 St,40.732647,-73.99011,12952
40 Ave & 9 St,40.75742,-73.945133,2517
40 Ave & Crescent St,40.7535992,-73.93795609,2369
43 St & Broadway,40.7577284,-73.9166368,7101
44 Dr & 21 St,40.748,-73.9460927,7286
44 Dr & Jackson Ave,40.74718234,-73.9432635,11630
45 Rd & 11 St,40.74708586,-73.94977234,8774
46 Ave & 5 St,40.74731,-73.95451,14144
47 Ave & 31 St,40.743,-73.93561,3952
47 Ave & Skillman Ave,40.74375241,-73.94176483,1133
48 Ave & 30 Pl,40.74128309,-73.93725872,1804
48 Ave & 5 St,40.74436329,-73.95587325,4313
49 Ave & 21 St,40.74252,-73.948852,3025
5 Av & W 139 St,40.815484,-73.935856,3810
5 Ave & 3 St,40.6728155,-73.98352355,12398
5 Ave & E 103 St,40.7922553,-73.95249933,18605
5 Ave & E 126 St,40.80698,-73.941747,6866
5 Ave & E 135 St,40.812191,-73.937838,2091
5 Ave & E 29 St,40.7451677,-73.98683077,34652
5 Ave & E 63 St,40.766368,-73.971518,17429
5 Ave & E 73 St,40.77282817,-73.96685276,41179
5 Ave & E 78 St,40.77632142,-73.96427393,27193
5 Ave & E 88 St,40.78307,-73.95939,38023
5 Ave & E 93 St,40.7857851,-73.957481,13892
5 Ave & W 131 St,40.81014,-73.93973,2460
5 St & 51 Ave,40.7423737,-73.9566,3176
5 St & 6 Ave,40.6704836,-73.98208968,3879
5 St & Market St,40.69999748,-73.97440128,1370
6 Ave & 12 St,40.6663181,-73.9854617,5306
6 Ave & 9 St,40.668127,-73.98377641,6695
6 Ave & Broome St,40.72430832,-74.00473036,32990
6 Ave & Canal St,40.72243797,-74.00566443,25020
6 Ave & W 33 St,40.74901271,-73.98848395,52887
6 Ave & W 34 St,40.74964,-73.98805,36585
6 St & 7 Ave,40.6686627,-73.97988067,6294
7 Ave & Central Park South,40.76674056,-73.97906899,36992
7 Ave & Park Pl,40.6776147,-73.97324283,13037
7 St & 3 Ave,40.67260298,-73.98983002,4145
7 St & 5 Ave,40.6704922,-73.98541675,5247
8 Ave & W 16 St,40.740983,-74.001702,865
8 Ave & W 31 St,40.75058535,-73.99468482,57158
8 Ave & W 33 St,40.751551,-73.993934,53128
8 Ave & W 38 St,40.75461,-73.99177,20761
8 Ave & W 52 St,40.76370739,-73.9851615,38662
9 Ave & W 18 St,40.74317449,-74.00366443,24629
9 Ave & W 22 St,40.7454973,-74.00197139,45524
9 Ave & W 28 St,40.74937024,-73.99923384,29066
9 Ave & W 45 St,40.76019252,-73.9912551,39162
9 St & 44 Rd,40.74966,-73.9521,3259
Adam Clayton Powell Blvd & W 115 St,40.802535,-73.9532423,4700
Adam Clayton Powell Blvd & W 118 St,40.804372,-73.951475,6460
Adam Clayton Powell Blvd & W 123 St,40.8078316,-73.949373,7320
Adam Clayton Powell Blvd & W 126 St,40.80949535,-73.94776493,9022
Adam Clayton Powell Blvd & W 130 St,40.812346,-73.946168,2038
Adam Clayton Powell Blvd & W 132 St,40.813539,-73.94521,3387
Adam Clayton Powell Blvd & W 138 St,40.81695971,-73.94229591,5204
Adam Clayton Powell Blvd & W 141 St,40.819241,-73.941057,2635
Adam Clayton Powell Blvd & W 151 St,40.825289,-73.936232,1033
Adelphi St & Myrtle Ave,40.69308257,-73.97178913,10776
Albany Ave & Fulton St,40.6800105,-73.938475,2737
Alexander Ave & E 134 St,40.807466,-73.927107,958
Allen St & Hester St,40.71605866,-73.99190759,32716
Allen St & Rivington St,40.72019576,-73.98997825,34584
Allen St & Stanton St,40.722055,-73.989111,38326
Amsterdam Ave & W 119 St,40.8086249,-73.9596214,5633
Amsterdam Ave & W 125 St,40.813358,-73.956461,6468
Amsterdam Ave & W 131 St,40.816355,-73.954295,1163
Amsterdam Ave & W 136 St,40.819746,-73.951819,1617
Amsterdam Ave & W 152 St,40.829523,-73.944279,1273
Amsterdam Ave & W 156 St,40.832081,-73.942386,874
Amsterdam Ave & W 162 St,40.83618,-73.939789,1360
Amsterdam Ave & W 167 St,40.839443,-73.937044,904
Amsterdam Ave & W 172 St,40.842173,-73.935111,1037
Amsterdam Ave & W 175 St,40.844044,-73.933651,683
Amsterdam Ave & W 180 St,40.847396,-73.931205,694
Amsterdam Ave & W 183 St,40.84925,-73.93022,1209
Amsterdam Ave & W 66 St,40.7746671,-73.98470567,11803
Amsterdam Ave & W 73 St,40.77966809,-73.98093045,36043
Amsterdam Ave & W 79 St,40.7829391,-73.9786517,11418
Amsterdam Ave & W 82 St,40.78524672,-73.97667321,23450
Anderson Ave & W 164 St,40.832057,-73.927421,128
Astoria Park S & Shore Blvd,40.7767,-73.927631,8860
Atlantic Ave & Fort Greene Pl,40.68382604,-73.97632328,12281
Atlantic Ave & Furman St,40.69165183,-73.9999786,21647
Audobon Ave & W 179 St,40.847305,-73.933291,549
Avenue C & E 18 St,40.730563,-73.973984,19980
Avenue D & E 10 St,40.72506551,-73.97515833,5281
Avenue D & E 12 St,40.72580614,-73.97422494,6502
Avenue D & E 3 St,40.72082834,-73.97793172,16575
Avenue D & E 8 St,40.72368361,-73.97574813,8835
Avenue D & E 8 St,40.72387,-73.975767,6346
Baltic St & 5 Ave,40.6795766,-73.97854971,10694
Bank St & Hudson St,40.73652889,-74.00618026,27004
Bank St & Washington St,40.7361967,-74.00859207,25219
Banker St & Meserole Ave,40.72606,-73.95621,8444
Barclay St & Church St,40.71291224,-74.01020234,21855
Barrow St & Hudson St,40.73172428,-74.00674436,38153
Barry St & Tiffany St,40.816126,-73.891559,17
Bayard St & Baxter St,40.71602118,-73.99974372,25806
Bayard St & Leonard St,40.71915572,-73.94885391,8257
Beaver St & Fayette St,40.70099,-73.93921,3825
Beck St & Leggett Ave,40.815077,-73.899939,194
Bedford Ave & Bergen St,40.676368,-73.952918,11287
Bedford Ave & Montgomery St,40.665816,-73.956934,3224
Bedford Ave & Nassau Ave,40.72311651,-73.95212324,19913
Bedford Ave & S 9 St,40.70853074,-73.96408963,5679
Bergen Ave & E 152 St,40.817166,-73.914737,422
Bergen St & Flatbush Ave,40.68094472,-73.97567332,9809
Bergen St & Smith St,40.6867443,-73.99063168,20773
Bergen St & Vanderbilt Ave,40.6794388,-73.9680438,12490
Berkeley Pl & 6 Ave,40.6765304,-73.97846879,6597
Berkeley Pl & 7 Ave,40.67514684,-73.97523209,8998
Berry St & N 8 St,40.7190095,-73.95852515,18969
Bialystoker Pl & Delancey St,40.71622644,-73.98261206,10495
Boerum St & Broadway,40.70538077,-73.94976519,6684
Bond St & Bergen St,40.6849668,-73.98620772,7542
Bond St & Fulton St,40.68962189,-73.98304269,17855
Boone Ave & E 172 St,40.832649,-73.885272,22
Boston Rd & E 167 St,40.828199,-73.903719,101
Boston Rd & Prospect Ave,40.833246,-73.896599,63
Bradhurst Ave & W 148 St,40.825125,-73.941616,3653
Broad St & Bridge St,40.70365182,-74.01167797,10684
Broadway & 12 St,40.7668,-73.9347774,3791
Broadway & Battery Pl,40.70463334,-74.01361706,28816
Broadway & Berry St,40.71044554,-73.96525063,13408
Broadway & E 14 St,40.73454567,-73.99074142,63249
Broadway & E 22 St,40.7403432,-73.98955109,60847
Broadway & Furman Ave,40.68139,-73.90756,671
Broadway & Hancock St,40.68663,-73.9168,2266
Broadway & Kosciuszko St,40.69329,-73.92852,3018
Broadway & Madison St,40.68822,-73.91966,3053
Broadway & Moylan Pl,40.8143256,-73.9590255,8974
Broadway & Roebling St,40.70924826,-73.96063149,12917
Broadway & W 122 St,40.8120562,-73.9612547,4769
Broadway & W 131 St,40.817555,-73.957163,1732
Broadway & W 133 St,40.8190344,-73.956156,2288
Broadway & W 153 St,40.831327,-73.946665,1805
Broadway & W 155 St,40.83299,-73.94592,846
Broadway & W 160 St,40.835775,-73.9434,2881
Broadway & W 165 St,40.839137,-73.941409,1761
Broadway & W 25 St,40.74286877,-73.98918629,55471
Broadway & W 29 St,40.7462009,-73.98855723,37354
Broadway & W 36 St,40.75097711,-73.98765428,19059
Broadway & W 37 St,40.75172632,-73.98753523,17562
Broadway & W 38 St,40.75299641,-73.98721619,23882
Broadway & W 41 St,40.75513557,-73.98658032,44050
Broadway & W 49 St,40.76068327,-73.98452729,38769
Broadway & W 51 St,40.76228826,-73.98336183,22157
Broadway & W 53 St,40.76344058,-73.98268129,24253
Broadway & W 56 St,40.7652654,-73.98192338,51246
Broadway & W 60 St,40.76915505,-73.98191841,66038
Broadway & Whipple St,40.7016657,-73.9437303,7275
Bronx Shore Comfort Station,40.80046,-73.92404,279
Brook Ave & E 138 St,40.807408,-73.91924,1117
Brook Ave & E 141 St,40.809619,-73.917875,456
Brook Ave & E 148 St,40.814383,-73.915368,639
Brook Ave & E 157 St,40.820713,-73.911759,782
Brooklyn Bridge Park - Pier 2,40.698458,-73.997178,12158
Bus Slip & State St,40.701907,-74.013942,16956
Bushwick Ave & Dekalb Ave,40.69502,-73.92825,2738
Bushwick Ave & Forrest St,40.70076,-73.93641,2292
Bushwick Ave & Furman Ave,40.68281,-73.90623,645
Bushwick Ave & Harman St,40.69356,-73.92524,2348
Bushwick Ave & Linden St,40.69146,-73.92146,1749
Bushwick Ave & McKibbin St,40.705517,-73.93936,2689
Bushwick Ave & Powers St,40.71247661,-73.94100005,7113
Bushwick Ave & Stagg St,40.709897,-73.94008,1940
Butler St & Court St,40.6849894,-73.99440329,5550
Cabrini Blvd & W 177 St,40.848282,-73.941343,1221
Cadman Plaza E & Johnson St,40.69531728,-73.99015725,8851
Cadman Plaza E & Red Cross Pl,40.69991755,-73.98971773,12882
Cadman Plaza West & Montague St,40.69383,-73.990539,6986
Calyer St & Jewel St,40.72984,-73.94839,2814
Cambridge Pl & Gates Ave,40.68488,-73.96304,7064
Canal St & Rutgers St,40.71427487,-73.98990025,40031
Carlton Ave & Dean St,40.6809741,-73.9710097,10112
Carlton Ave & Flushing Ave,40.697787,-73.973736,6935
Carlton Ave & Park Ave,40.69580705,-73.97355569,6165
Carmine St & 6 Ave,40.73038599,-74.00214988,47961
Carroll St & 5 Ave,40.6751622,-73.9814832,9798
Carroll St & 6 Ave,40.6740886,-73.9787282,6324
Carroll St & Bond St,40.6786115,-73.99037292,7573
Carroll St & Columbia St,40.6830456,-74.00348559,4358
Carroll St & Franklin Ave,40.6679411,-73.9588,2514
Carroll St & Smith St,40.680611,-73.99475825,8369
Carroll St & Washington Ave,40.6686744,-73.9618148,2699
Cathedral Pkwy & Broadway,40.804213,-73.96699104,15834
Catherine St & Monroe St,40.71117444,-73.99682619,15224
Cauldwell Ave & E 158 St,40.81989,-73.908351,240
Cauldwell Ave & E 161 St,40.82188,-73.907521,771
Cedar St & Evergreen Ave,40.69671,-73.92807,1326
Cedar St & Myrtle Ave,40.697842,-73.926241,4575
Center Blvd & 48 Ave,40.745038,-73.957539,7638
Center Blvd & 51 Ave,40.74336608,-73.95960689,9806
Central Ave & Covert St,40.68929,-73.90951,907
Central Ave & Decatur St,40.6882,-73.90798,1056
Central Ave & Flushing Ave,40.702831,-73.9333,3829
Central Ave & Himrod St,40.69676,-73.92302,1759
Central Ave & Melrose St,40.70112,-73.93039,1741
Central Ave & Starr Street,40.700003,-73.92834,4279
Central Ave & Weirfield St,40.69055,-73.91181,1609
Central Ave & Woodbine St,40.69296,-73.91605,1549
Central Park North & Adam Clayton Powell Blvd,40.799484,-73.955613,31712
Central Park S & 6 Ave,40.76590936,-73.97634151,51499
Central Park W & W 103 St,40.79603684,-73.96158904,6313
Central Park W & W 91 St,40.78866499,-73.96680057,8900
Central Park W & W 96 St,40.79127,-73.964839,18443
Central Park W & W 97 St,40.79249519,-73.96417066,13231
Central Park West & W 100 St,40.79406661,-73.96286845,9903
Central Park West & W 102 St,40.795346,-73.96186,3624
Central Park West & W 68 St,40.7734066,-73.97782542,41511
Central Park West & W 72 St,40.77579377,-73.97620574,44207
Central Park West & W 76 St,40.77896784,-73.97374737,24782
Central Park West & W 82 St,40.782593,-73.971211,8155
Central Park West & W 85 St,40.78472675,-73.96961715,14320
Central Park West & W 85 St,40.78476,-73.969862,14697
Centre St & Chambers St,40.71273266,-74.0046073,34488
Centre St & Seneca Ave,40.69969,-73.9022,723
Centre St & Worth St,40.71494807,-74.00234482,15568
Charlotte St & Boston Rd,40.8358771,-73.8931428,1
Cherry St,40.71219906,-73.97948148,19970
Christopher St & Greenwich St,40.73291553,-74.00711384,66045
Clark St & Henry St,40.69760127,-73.99344559,16595
Classon Ave & St Marks Ave,40.6765198,-73.9596082,8556
Clay Ave & Claremont Pkwy,40.83999,-73.90549,209
Clay Ave & E 173 St,40.843264,-73.904867,525
Clermont Ave & Lafayette Ave,40.68764484,-73.96968902,6374
Clermont Ave & Park Ave,40.69573398,-73.97129668,4836
Cleveland Pl & Spring St,40.72210379,-73.99724901,56008
Cliff St & Fulton St,40.70838,-74.00495,20350
Clinton Ave & Flushing Ave,40.69794,-73.96986848,5577
Clinton Ave & Myrtle Ave,40.693261,-73.968896,10904
Clinton St & 4 Place,40.6783563,-74.00014502,6210
Clinton St & Centre St,40.67434,-74.00194698,1913
Clinton St & Grand St,40.71559509,-73.9870295,37312
Clinton St & Joralemon St,40.69239502,-73.99337909,12799
Clinton St & Tillary St,40.69623297,-73.99142057,668
Clinton St & Union St,40.6831164,-73.99785267,7273
Coffey St & Conover St,40.677236,-74.015665,4944
College Ave & E 170 St,40.837576,-73.910489,505
Columbia Heights & Cranberry St,40.70037867,-73.99548059,6919
Columbia St & Degraw St,40.6859296,-74.00242364,8105
Columbia St & Kane St,40.68763155,-74.0016256,6570
Columbia St & Lorraine St,40.6747055,-74.0075572,1164
Columbia St & Rivington St,40.71739973,-73.98016555,13741
Columbia St & W 9 St,40.6769993,-74.00647134,1635
Columbus Ave & W 103 St,40.7969347,-73.96434123,3859
Columbus Ave & W 72 St,40.7770575,-73.97898475,42854
Columbus Ave & W 95 St,40.7919557,-73.968087,27445
Commerce St & Van Brunt St,40.6812117,-74.00860912,2997
Concord St & Bridge St,40.69766564,-73.98476437,7628
Concourse Village East & E 158 St,40.823732,-73.919379,356
Concourse Village West & E 156 St,40.823162,-73.923267,322
Congress St & Clinton St,40.6881529,-73.99520919,10506
Convent Ave & W 135 St,40.818215,-73.950988,959
Convent Ave & W 151 St,40.82831,-73.942924,552
Cooper Square & Astor Pl,40.72951496,-73.9907527,42498
Court St & Nelson St,40.6763947,-73.99869893,5545
Court St & State St,40.6902375,-73.99203074,15740
Courtlandt Ave & E 149 St,40.816402,-73.919549,872
Courtlandt Ave & E 157 St,40.822267,-73.916792,304
Crescent St & 30 Ave,40.768692,-73.9249574,5572
Crescent St & 34 Ave,40.76108,-73.930562,4506
Crescent St & 35 Ave,40.7596276,-73.9321455,3058
Crescent St & Broadway,40.7633589,-73.9286471,7584
Crescent St & Ditmars Blvd,40.7787185,-73.9145645,3741
Crotona Park East & E 173 St,40.837037,-73.890413,20
Crotona Park North & Prospect Ave,40.841092,-73.892317,20
Cumberland St & Lafayette Ave,40.68753406,-73.97265183,9401
Cypress Ave & George St,40.69812,-73.90271,645
Cypress Ave & Palmetto St,40.70157341,-73.90876293,619
Dawson St & Intervale Ave,40.819999,-73.897263,80
DeKalb Ave & Franklin Ave,40.69064807,-73.95746179,8505
DeKalb Ave & Hudson Ave,40.689888,-73.981013,13014
DeKalb Ave & S Portland Ave,40.68981035,-73.97493121,14728
DeKalb Ave & Vanderbilt Ave,40.68940747,-73.96885458,12405
Dean St & 4 Ave,40.68312489,-73.97895137,14284
Dean St & Franklin Ave,40.67759207,-73.95563722,9711
Dean St & Hoyt St,40.6864442,-73.98759104,6865
Degraw St & Hoyt St,40.68199044,-73.99079025,5116
Degraw St & Smith St,40.6829151,-73.99318208,8764
Delancey St & Eldridge St,40.719383,-73.991479,6987
Devoe St & Lorimer St,40.71335226,-73.94910336,11441
Devoe St & Morgan Ave,40.713811,-73.93515,2965
Ditmars Blvd & 19 St,40.78145,-73.9183302,6964
Division Av & Hooper St,40.70684203,-73.9544354,3245
Division Ave & Hooper St,40.70684203,-73.9544354,3584
Division Ave & Marcy Ave,40.70708701,-73.95796783,2814
Division St & Bowery,40.71413089,-73.9970468,12660
Division St & Bowery,40.714193,-73.996732,7674
Dock 72 Way & Market St,40.69985,-73.97141,4633
Douglass St & 3 Ave,40.6802133,-73.98432695,7138
Douglass St & 4 Ave,40.6792788,-73.98154004,6934
Driggs Ave & Lorimer St,40.72179134,-73.9504154,7330
Driggs Ave & N 9 St,40.71816969,-73.95520136,18991
Driggs Ave & N Henry St,40.72325,-73.94308,10698
Duane St & Greenwich St,40.71748752,-74.0104554,13604
Duffield St & Willoughby St,40.69221589,-73.9842844,12234
Dwight St & Van Dyke St,40.67363551,-74.01195556,2508
E 10 St & 5 Ave,40.73331967,-73.99510132,24745
E 10 St & Avenue A,40.72740794,-73.98142006,47688
E 102 St & 1 Ave,40.7869946,-73.94164802,15380
E 102 St & Park Ave,40.7904828,-73.95033068,7356
E 103 St & Lexington Ave,40.7903051,-73.94755757,9351
E 106 St & 1 Ave,40.7892529,-73.93956237,6665
E 106 St & Lexington Ave,40.791976,-73.945993,7091
E 106 St & Madison Ave,40.7934337,-73.94945003,7289
E 109 St & 3 Ave,40.79329668,-73.9432083,6503
E 11 St & 1 Ave,40.72953837,-73.98426726,33098
E 11 St & 2 Ave,40.73047309,-73.98672378,35172
E 11 St & Avenue B,40.72746421,-73.97950418,26707
E 110 St & Madison Ave,40.7961535,-73.94782145,14183
E 114 St & 1 Ave,40.7945663,-73.9362541,5451
E 115 St & Lexington Ave,40.797911,-73.9423,7447
E 115 St & Madison Ave,40.7989445,-73.944846,4619
E 116 St & 2 Ave,40.796879,-73.937261,4534
E 118 St & 1 Ave,40.79747,-73.93504,6426
E 118 St & 3 Ave,40.799139,-73.9389152,7835
E 118 St & Madison Ave,40.8014866,-73.9442507,5796
E 118 St & Park Ave,40.8005385,-73.9419949,3502
E 12 St & 3 Ave,40.73223272,-73.98889957,28130
E 12 St & 4 Av,40.73269,-73.98974,16992
E 123 St & Lexington Ave,40.8029263,-73.9379,4554
E 128 St & 3 Ave,40.805631,-73.934077,450
E 128 St & Madison Ave,40.80756,-73.939182,4207
E 13 St & Avenue A,40.72966729,-73.98067966,58894
E 132 St & Madison Ave,40.810224,-73.937195,2588
E 133 St & Cypress Pl,40.80262,-73.9174,70
E 134 St & Walnut Ave,40.800425,-73.911034,395
E 135 St & St Ann's Ave,40.805089,-73.918889,573
E 138 St & 5 Av,40.81449,-73.936153,1720
E 138 St & Canal St W,40.812304,-73.929153,590
E 138 St & Cypress Ave,40.805559,-73.914718,505
E 138 St & Grand Concourse,40.813224,-73.930605,424
E 138 St & Willow Ave,40.804168,-73.911545,373
E 141 St & Jackson Ave,40.806896,-73.911837,500
E 141 St & St Ann's Ave,40.808633,-73.916124,828
E 142 St & 3 Ave,40.812735,-73.923697,760
E 144 St & Brook Ave,40.811675,-73.917037,523
E 147 St & Bergen Ave,40.814673,-73.91839,768
E 149 St & Eagle Ave,40.814046,-73.91186,533
E 149 St & Jackson Ave,40.813135,-73.909235,1065
E 149 St & Morris Ave,40.81734,-73.922962,1812
E 149 St & Park Ave,40.818154,-73.925294,179
E 15 St & 3 Ave,40.734232,-73.986923,40909
E 150 St & Gerard Ave,40.820089,-73.928947,1340
E 153 St & E 157 St,40.826677,-73.929327,233
E 155 St & Courtlandt Ave,40.82057,-73.917579,479
E 156 & Brook Ave,40.819823,-73.912411,882
E 157 St & River Ave,40.825737,-73.927311,409
E 158 St & Melrose Ave,40.822215,-73.914688,455
E 16 St & 5 Ave,40.73726186,-73.99238967,40267
E 16 St & Irving Pl,40.73536706,-73.98797393,21808
E 160 St & Tinton Ave,40.820302,-73.903944,417
E 161 St & Park Ave,40.824811,-73.916407,86
E 161 St & River Ave,40.827883,-73.927111,2444
E 163 St & Tiffany St,40.821075,-73.895069,266
E 163 St & Union Ave,40.822545,-73.901824,193
E 165 St & Clay Ave,40.82809,-73.91288,78
E 165 St & Fox St,40.82394,-73.894025,16
E 165 St & Jerome Ave,40.83263,-73.925101,64
E 167 St & Bryant Ave,40.826706,-73.888719,4
E 167 St & Clay Ave,40.83094,-73.91125,280
E 167 St & Franklin Ave,40.82895,-73.90521,144
E 169 St & Fox St,40.827184,-73.893721,262
E 169 St & Webster Ave,40.834015,-73.908863,1003
E 17 St & Broadway,40.73704984,-73.99009296,72568
E 170 St & Clay Ave,40.837213,-73.908345,35
E 170 St & Webster Ave,40.836103,-73.907199,337
E 171 St & Webster Ave,40.838379,-73.905838,133
E 174 St & Longfellow Ave,40.836274,-73.884308,3
E 19 St & 3 Ave,40.73624527,-73.98473765,32108
E 2 St & 2 Ave,40.72502876,-73.99069656,32851
E 2 St & Avenue A,40.72307749,-73.98583621,34959
E 2 St & Avenue B,40.72217444,-73.98368779,37587
E 2 St & Avenue C,40.7208736,-73.98085795,23376
E 20 St & 2 Ave,40.73587678,-73.98205027,27167
E 20 St & FDR Drive,40.73314259,-73.97573881,28740
E 20 St & Park Ave,40.73827428,-73.98751968,34428
E 23 St & 1 Ave,40.736502,-73.97809472,38417
E 24 St & Park Ave S,40.74096374,-73.98602213,29829
E 25 St & 1 Ave,40.7381765,-73.97738662,27275
E 25 St & 2 Ave,40.73912601,-73.97973776,30008
E 27 St & 1 Ave,40.739445,-73.976806,32717
E 30 St & Park Ave S,40.74444921,-73.98303529,25144
E 31 St & 3 Ave,40.74394314,-73.97966069,38926
E 32 St & Park Ave,40.7457121,-73.98194829,37575
E 33 St & 1 Ave,40.74322681,-73.97449784,48467
E 33 St & 5 Ave,40.74765947,-73.98490707,31235
E 39 St & 2 Ave,40.74780373,-73.9734419,28391
E 39 St & 3 Ave,40.7489006,-73.97604882,22542
E 39 St & Lexington Ave,40.74949855,-73.97729203,11043
E 4 St & 2 Ave,40.7262807,-73.98978041,38155
E 41 St & Madison Ave,40.75216528,-73.97992194,17889
E 43 St & 2 Ave,40.75022392,-73.97121414,17607
E 43 St & 5 Ave,40.75412081,-73.98025185,19823
E 44 St & 2 Ave,40.75118387,-73.97138715,3102
E 45 St & 3 Ave,40.75255434,-73.97282625,19752
E 47 St & 1 Ave,40.75206862,-73.96784384,13605
E 47 St & 2 Ave,40.75323098,-73.97032517,22457
E 47 St & Park Ave,40.75510267,-73.97498696,36602
E 48 St & 3 Ave,40.7546011,-73.97187886,17352
E 48 St & 5 Ave,40.75724568,-73.97805914,30735
E 5 St & Avenue C,40.72299208,-73.97995466,18585
E 51 St & 1 Ave,40.75455731,-73.96592976,23579
E 51 St & 2 Ave,40.755293,-73.967641,12660
E 51 St & Lexington Ave,40.75714758,-73.97207836,17937
E 53 St & 3 Ave,40.75763228,-73.96930575,18924
E 53 St & Lexington Ave,40.75828065,-73.97069431,9622
E 53 St & Madison Ave,40.7597108,-73.97402311,21938
E 55 St & 2 Ave,40.75797322,-73.96603308,25858
E 56 St & 3 Ave,40.75934501,-73.96759673,16389
E 56 St & Madison Ave,40.761573,-73.972628,6152
E 58 St &  1 Ave (NW Corner),40.759125,-73.962658,17505
E 58 St & 1 Ave (NE Corner),40.75892386,-73.96226227,8736
E 58 St & 3 Ave,40.76095756,-73.96724467,32672
E 58 St & Madison Ave,40.76302594,-73.97209525,17249
E 59 St & Madison Ave,40.76350532,-73.97109243,18725
E 6 St & Avenue B,40.72453734,-73.98185424,35766
E 6 St & Avenue D,40.72228087,-73.97668709,27392
E 60 St & York Ave,40.759107,-73.959223,8135
E 63 St & 3 Ave,40.763954,-73.9646,7230
E 65 St & 2 Ave,40.76471852,-73.9622207,14284
E 66 St & Madison Ave,40.76800889,-73.96845281,8876
E 67 St & Park Ave,40.7678008,-73.96592081,8392
E 68 St & 3 Ave,40.7671284,-73.96224618,7909
E 68 St & Madison Ave,40.7691572,-73.96703464,5386
E 7 St & Avenue A,40.72621788,-73.98379855,41740
E 72 St & Park Ave,40.77118288,-73.96409422,14683
E 72 St & York Ave,40.76663814,-73.95348296,25994
E 74 St & 1 Ave,40.7689738,-73.95482273,22312
E 75 St & 3 Ave,40.77112927,-73.95772297,12141
E 76 St & Park Ave,40.773763,-73.96222088,11880
E 77 St & 3 Ave,40.77314236,-73.95856158,14275
E 78 St & 2 Ave,40.7727966,-73.95577801,10130
E 80 St & Park Ave,40.776173,-73.959757,1581
E 81 St & 2 Ave,40.77477945,-73.95427465,17583
E 81 St & 3 Ave,40.77573034,-73.9567526,11616
E 81 St & Park Ave,40.77677702,-73.9590097,4411
E 81 St & York Ave,40.7728384,-73.94989233,15910
E 82 St & East End Ave,40.7724607,-73.9468208,10619
E 84 St & 1 Ave,40.77565541,-73.95068615,21353
E 84 St & 3 Ave,40.77755374,-73.9551276,9912
E 84 St & Park Ave,40.77862688,-73.95772073,12785
E 85 St & 3 Ave,40.77801203,-73.95407149,17273
E 85 St & York Ave,40.77536905,-73.94803392,11281
E 88 St & 1 Ave,40.778301,-73.9488134,17622
E 88 St & Park Ave,40.7814107,-73.95595908,8169
E 89 St & 3 Ave,40.7806284,-73.9521667,14122
E 89 St & York Ave,40.7779453,-73.946041,11394
E 9 St & Avenue C,40.72521311,-73.97768752,26226
E 91 St & 2 Ave,40.7811223,-73.94965589,18849
E 91 St & Park Ave,40.7835016,-73.955327,10433
E 93 St & 2 Ave,40.78245418,-73.94891962,9319
E 95 St & 3 Ave,40.7849032,-73.950503,6050
E 97 St & 3 Ave,40.7859201,-73.94860294,5026
E 97 St & Madison Ave,40.787801,-73.953559,14863
E 98 St & Park Ave,40.78813,-73.95206,5485
East End Ave & E 86 St,40.77518615,-73.94446054,9404
Eastern Pkwy & Franklin Ave,40.6707767,-73.9576801,10689
Eastern Pkwy & Washington Ave,40.6716493,-73.9631145,7107
Eckford St & Engert Ave,40.72146256,-73.94800901,2068
Edgecombe Ave & W 141 St,40.820681,-73.945144,5609
Edgecombe Ave & W 145 St,40.823498,-73.94386,3750
Edgecombe Ave & W 150 St,40.826881,-73.941427,749
Edgecombe Ave & W 167 St,40.838191,-73.936085,721
Eldert St & Bushwick Ave,40.68652,-73.91321,1099
Emerson Pl & Myrtle Ave,40.69363137,-73.96223558,10732
Engert Ave & McGuinness Blvd,40.72158,-73.94546,2197
Evergreen Ave & Noll St,40.70106,-73.93318,3017
FDR Drive & E 35 St,40.744219,-73.97121214,48703
Faile St & Garrison Ave,40.820578,-73.888271,313
Fairview Ave & Linden St,40.70694,-73.90632,873
Flushing Ave & Vanderbilt Ave,40.69795032,-73.9707756,11512
Flushing Ave & Woodward Ave,40.71246,-73.91873,1061
Forest Ave & Summerfield St,40.69922,-73.89795,1799
Forsyth St & Broome St,40.71893904,-73.99266288,31381
Forsyth St & Canal St,40.7158155,-73.99422366,32707
Fort Washington Ave & W 173 St,40.84522,-73.940493,2259
Fort Washington Ave & W 183 St,40.852252,-73.937854,3679
Franklin Ave & E 169 St,40.83171,-73.90208,84
Franklin Ave & Empire Blvd,40.66314,-73.9605695,10925
Franklin Ave & Myrtle Ave,40.69454609,-73.95801365,5200
Franklin Ave & St Marks Ave,40.6758324,-73.9561677,6985
Franklin St & Dupont St,40.73564,-73.95866,13702
Franklin St & W Broadway,40.71911552,-74.00666661,16170
Frederick Douglass Blvd & Harlem River Dr,40.830702,-73.936371,724
Frederick Douglass Blvd & W 112 St,40.801694,-73.957145,16267
Frederick Douglass Blvd & W 115 St,40.8038654,-73.9559308,12136
Frederick Douglass Blvd & W 117 St,40.805159,-73.954692,18579
Frederick Douglass Blvd & W 129 St,40.8125511,-73.9492286,5220
Frederick Douglass Blvd & W 145 St,40.823061,-73.941928,32
Freeman St & Reverend James A Polite Ave,40.830529,-73.894717,348
Freeman St & Southern Blvd,40.830051,-73.892103,35
Front St & Gold St,40.70224,-73.982578,8842
Front St & Jay St,40.702461,-73.986842,13384
Front St & Maiden Ln,40.70530954,-74.00612572,16406
Front St & Washington St,40.70255088,-73.98940236,24985
Frost St & Debevoise Ave,40.71882,-73.93948,1296
Frost St & Meeker Ave,40.71766197,-73.94880027,5487
Fulton Ave & E 168 St,40.830471,-73.904556,160
Fulton Ave & St. Paul's Pl,40.83545,-73.90153,187
Fulton St & Adams St,40.69241829,-73.98949474,16870
Fulton St & Broadway,40.711066,-74.009447,31717
Fulton St & Clermont Ave,40.68415748,-73.96922273,6272
Fulton St & Irving Pl,40.68186,-73.959432,6804
Fulton St & Rockwell Pl,40.68841,-73.979458,4310
Fulton St & Utica Ave,40.6794268,-73.9298911,8147
Fulton St & Waverly Ave,40.68323865,-73.96599591,11447
Fulton St & William St,40.70955958,-74.00653609,18451
Gansevoort St & Hudson St,40.7394482,-74.00507033,36883
Garfield Pl & 8 Ave,40.6711978,-73.97484126,6622
George St & Wilson Ave,40.702997,-73.92997,4049
Gerard Ave & E 146 St,40.817755,-73.92965,862
Gerard Ave & E 164 St,40.830262,-73.923391,525
Gerard Ave & E 165 St,40.83173,-73.922394,492
Gerard Ave & McClellan St,40.833909,-73.92112,535
Goble Pl & Macombs Rd,40.844075,-73.917256,588
Graham Ave & Conselyea St,40.715143,-73.944507,11428
Graham Ave & Grand St,40.711863,-73.944024,12737
Graham Ave & Herbert St,40.71929301,-73.94500379,4865
Graham Ave & Withers St,40.7169811,-73.94485918,9294
Grand Army Plaza & Central Park S,40.7643971,-73.97371465,36146
Grand Army Plaza & Plaza St West,40.6729679,-73.97087984,22532
Grand Ave & Bergen St,40.678045,-73.962408,7317
Grand Concourse & E 144 St,40.816576,-73.927987,1490
Grand Concourse & E 156 St,40.823429,-73.924689,506
Grand Concourse & E 161 St,40.827115,-73.92272,996
Grand Concourse & E 164 St,40.829608,-73.921461,626
Grand Concourse & E 166 St,40.83196,-73.91956,167
Grand Concourse & E 167 St,40.834263,-73.917641,1199
Grand Concourse & E 171 St,40.839549,-73.913004,1135
Grand Concourse & East Mount Eden Ave,40.84301,-73.91172,1024
Grand St & Elizabeth St,40.718822,-73.99596,53474
Grand St & Greene St,40.72170005,-74.00238141,9751
Grand St & Havemeyer St,40.71286844,-73.95698119,12144
Grant Ave & E 164 St,40.828847,-73.91769,1232
Grant Ave & E 169 St,40.83579,-73.913741,85
Great Jones St,40.72743423,-73.99379025,40262
Green St & McGuinness Blvd,40.73396,-73.95204,2232
Greene Av & Myrtle Av,40.698568,-73.918877,4744
Greene Ave & Grandview Ave,40.709697,-73.907856,861
Greene Ave & Nostrand Ave,40.6883337,-73.950916,6988
Greene Ave & Throop Ave,40.6894932,-73.942061,5939
Greenpoint Ave & Manhattan Ave,40.73026,-73.95394,13679
Greenwich Ave & 8 Ave,40.73901691,-74.00263761,52105
Greenwich Ave & Charles St,40.735238,-74.000271,29935
Greenwich St & Hubert St,40.721319,-74.010065,2752
Greenwich St & W Houston St,40.728846,-74.008591,36044
Grove St & Broadway,40.69047,-73.923511,3511
Halsey St & Broadway,40.68565,-73.91564,2442
Halsey St & Evergreen Ave,40.68858,-73.91227,968
Halsey St & Tompkins Ave,40.6823687,-73.944118,6834
Hamilton Pl & W 138 St,40.821728,-73.952761,1262
Hamilton Pl & W 140 St,40.822756,-73.951346,1140
Hancock St & Bedford Ave,40.68216564,-73.95399026,6203
Hancock St & Wyckoff Ave,40.6972,-73.90674,714
Hanson Pl & Ashland Pl,40.68506807,-73.9779076,22197
Harlem River Dr & W 155 St,40.830476,-73.939929,899
Harman St & Seneca Ave,40.70577,-73.91292,394
Harrison Pl & Porter Ave,40.70686,-73.92851,1511
Harrison St & Hudson St,40.71870987,-74.0090009,10715
Hart St & Wyckoff Ave,40.704876,-73.919911,2930
Henry St & Atlantic Ave,40.69089272,-73.99612349,12996
Henry St & Bay St,40.6725058,-74.00494695,1728
Henry St & Degraw St,40.6847514,-73.99917254,8285
Henry St & Grand St,40.714211,-73.981095,13724
Henry St & Grand St,40.714215,-73.981346,5132
Henry St & Middagh St,40.7003,-73.991581,8806
Henry St & W 9 St,40.6763744,-74.00324957,1347
Hicks St & Montague St,40.69512845,-73.99595065,10651
Hope St & Union Ave,40.71167351,-73.95141312,15722
Howard St & Centre St,40.71910537,-73.99973337,27532
Hoyt St & Warren St,40.6843549,-73.98901629,1697
Hudson St & Reade St,40.71625008,-74.0091059,18635
Humboldt St & Varet St,40.7031724,-73.940636,4433
Hunts Point Ave & Bryant Ave,40.813991,-73.8855,41
Huron St & Franklin St,40.73266,-73.95826,12884
Icahn Stadium,40.79346,-73.92389,389
India St & Manhattan Ave,40.73232194,-73.9550858,12783
India St & West St,40.73181402,-73.95995021,11055
Intervale Ave & Kelly St,40.827301,-73.896372,92
Intervale Ave & Westchester Ave,40.821967,-73.896752,326
Inwood Ave & W 170 St,40.840536,-73.919228,464
Irving Ave & DeKalb Ave,40.7027,-73.92095,4049
Irving Ave & Halsey St,40.69467,-73.90663,1523
Irving Ave & Harman St,40.70108,-73.9179,2748
Irving Ave & Jefferson St,40.70538,-73.92535,4263
Irving Ave & Palmetto St,40.698,-73.9127,1430
Jackson Ave & 46 Rd,40.74524768,-73.94733276,4688
Jackson St & Leonard St,40.71638032,-73.94821286,4187
Jay St & Tech Pl,40.695065,-73.987167,16857
Jay St & York St,40.70140317,-73.9867267,19878
Jefferson Ave & Evergreen Ave,40.68989,-73.91458,1429
Jefferson St & Cypress Ave,40.70907,-73.92157,1886
Jerome Ave & Anderson Ave,40.830179,-73.928747,388
Jerome Ave & E 164 St,40.831444,-73.926226,148
Jerome Ave & Ogden Ave,40.829797,-73.931015,70
John St & William St,40.70862144,-74.00722156,15263
Johnson St & Gold St,40.69474881,-73.98362464,9902
Kane St & Clinton St,40.6861758,-73.99645295,7752
Kent Ave & N 7 St,40.72036775,-73.96165073,37126
Kent Ave & S 11 St,40.70764494,-73.96841526,17669
Kent St & McGuinness Blvd,40.73124,-73.95161,1858
Kingsland Ave & Nassau Ave,40.72577,-73.94173,4573
Kingston Ave & Herkimer St,40.67890679,-73.94142771,7517
Knickerbocker Ave & Cooper St,40.69081,-73.90448,1207
Knickerbocker Ave & George St,40.704425,-73.92836,4560
Knickerbocker Ave & Halsey St,40.693,-73.90824,1161
Knickerbocker Ave & Hancock St,40.69385,-73.90974,1346
Knickerbocker Ave & Thames St,40.70539,-73.92976,4719
Kosciuszko St & Nostrand Ave,40.69072549,-73.95133465,6792
Kosciuszko St & Tompkins Ave,40.69128258,-73.9452416,6834
LaGuardia Pl & W 3 St,40.72917025,-73.99810231,35274
Lafayette Ave & Classon Ave,40.68900443,-73.96023854,9675
Lafayette Ave & Fort Greene Pl,40.68691865,-73.976682,14796
Lafayette Ave & Hunts Point Ave,40.816567,-73.888161,4
Lafayette Ave & St James Pl,40.68851534,-73.9647628,11206
Lafayette St & E 8 St,40.73020661,-73.99102628,52222
Lafayette St & Jersey St,40.72456089,-73.99565293,33789
Lafayette St & Jersey St S,40.72430527,-73.99600983,5192
Laight St & Hudson St,40.72185379,-74.00771779,7014
Lawrence St & Willoughby St,40.69236178,-73.98631746,16236
Lefferts Pl & Franklin Ave,40.68034242,-73.95576894,5248
Lenox Ave & W 111 St,40.7987859,-73.9523,22907
Lenox Ave & W 115 St,40.8011939,-73.9500739,7937
Lenox Ave & W 117 St,40.8025566,-73.9490782,12849
Lenox Ave & W 126 St,40.808442,-73.9452087,15504
Lenox Ave & W 130 St,40.8107922,-73.9430681,9560
Lenox Ave & W 133 St,40.81296,-73.941878,2980
Lenox Ave & W 144 St,40.819783,-73.936521,2790
Lenox Ave & W 146 St,40.821111,-73.935971,1067
Leonard St & Boerum St,40.70583339,-73.94644578,4923
Leonard St & Church St,40.717571,-74.005549,18487
Leonard St & Maujer St,40.71036854,-73.94705951,8961
Leonard St & Nassau Ave,40.72395678,-73.94984365,11484
Lewis Ave & Decatur St,40.6814598,-73.934903,5232
Lewis Ave & Kosciuszko St,40.69237074,-73.93705428,5649
Lewis Ave & Madison St,40.686312,-73.935775,8226
Lexington Ave & Classon Ave,40.68676793,-73.95928168,8957
Lexington Ave & E 111 St,40.7954121,-73.9441232,8529
Lexington Ave & E 120 St,40.8013066,-73.9398167,4627
Lexington Ave & E 127 St,40.805726,-73.936322,3192
Lexington Ave & E 128 St,40.806414,-73.936085,1269
Lexington Ave & E 26 St,40.741459,-73.983293,44609
Lexington Ave & E 29 St,40.74311555,-73.98215353,26286
Lexington Ave & E 36 St,40.74757396,-73.97880077,18555
Lexington Ave & E 63 St,40.76440023,-73.96648977,3214
Liberty St & Broadway,40.70905623,-74.01043382,20024
Liberty St & Nassau St,40.70858894,-74.00935482,1512
Lincoln Ave & E 134 St,40.808484,-73.928803,818
Lincoln Ave & E 138 St,40.810893,-73.927311,1464
Lincoln Pl & Classon Ave,40.6721683,-73.9609,3131
Linden St & Knickerbocker Ave,40.69714,-73.91566,784
Lispenard St & Broadway,40.71939226,-74.00247214,27899
Little West St & 1 Pl,40.70569254,-74.01677685,41567
Longfellow Ave & E 165 St,40.825322,-73.887729,12
Longwood Ave & Southern Blvd,40.816343,-73.896447,403
Lorimer St & Broadway,40.70411791,-73.94818595,3980
Lorimer St & Calyer St,40.72795,-73.95414,3151
Louis Nine Blvd & Intervale Ave,40.831998,-73.892686,131
MacDougal St & Prince St,40.72710258,-74.00297088,42070
MacDougal St & Washington Sq,40.73226398,-73.99852205,27511
Macombs Pl & W 152 St,40.826406,-73.937948,1413
Macon St & Nostrand Ave,40.68098339,-73.95004798,9714
Madison Av & E 51 St,40.75863,-73.97513,6085
Madison Ave & E 120 St,40.80295,-73.942954,5206
Madison Ave & E 26 St,40.74268473,-73.98671329,7889
Madison Ave & E 82 St,40.7781314,-73.96069399,16723
Madison Ave & E 99 St,40.78948542,-73.95242929,10543
Madison St & Clinton St,40.71269042,-73.98776323,16958
Madison St & Cypress Ave,40.70068,-73.90742,988
Madison St & Evergreen Ave,40.69122,-73.91693,853
Madison St & Forest Ave,40.70555,-73.90245,1679
Madison St & Montgomery St,40.713126,-73.984844,13886
Madison St & Seneca Ave,40.70183,-73.90625,999
Madison St & Woodward Ave,40.70408,-73.90408,1285
Maiden Ln & Pearl St,40.70706456,-74.00731853,16765
Manhattan Av & Leonard St,40.72084,-73.94844,2235
Marcus Garvey Blvd & Macon St,40.682601,-73.938037,5106
Marcy Ave & Lafayette Ave,40.6900815,-73.947915,6551
Market St & Cherry St,40.71076228,-73.99400398,12427
McGuinness Blvd & Eagle St,40.73555,-73.95284,10910
McKibbin St & Bogart St,40.706237,-73.933871,6105
McKibbin St & Manhattan Ave,40.70510918,-73.94407279,5698
Melrose Ave & E 150 St,40.816827,-73.917338,1664
Melrose Ave & E 154 St,40.819609,-73.916071,530
Melrose St & Broadway,40.697481,-73.935877,3594
Menahan St & Central Ave,40.69543,-73.9196,1247
Menahan St & Onderdonk Ave,40.70553,-73.9096,948
Menahan St & Seneca Ave,40.70461,-73.91054,1245
Menahan St & Wyckoff Ave,40.70113,-73.91422,1427
Mercer St & Bleecker St,40.72706363,-73.99662137,32196
Mercer St & Spring St,40.72362738,-73.99949601,30046
Meserole Ave & Manhattan Ave,40.72708584,-73.95299117,13724
Metropolitan Ave & Bedford Ave,40.71534825,-73.96024116,30673
Metropolitan Ave & Meeker Ave,40.71413311,-73.95234386,12963
Metropolitan Ave & Stewart Ave,40.71401,-73.92793,482
Metropolitan Ave & Vandervoort Ave,40.71429,-73.93323,476
Milton St & Franklin St,40.72906,-73.95779,22308
Moffat St & Bushwick,40.68458,-73.90925,833
Monroe St & Bedford Ave,40.6851443,-73.95380904,8616
Monroe St & Classon Ave,40.6845683,-73.95881081,6814
Monroe St & Tompkins Ave,40.686203,-73.944694,7645
Montague St & Clinton St,40.69428114,-73.99230033,5697
Montgomery St & Franklin Ave,40.66643931,-73.96055639,2005
Montrose Ave & Bushwick Ave,40.70767788,-73.94016171,9889
Morgan Ave & Lombardy St,40.72226,-73.93889,2013
Morgan Ave & Maspeth Ave,40.716657,-73.93637,1698
Morningside Ave & W 123 St,40.81,-73.9551508,6377
Morningside Dr & Amsterdam Ave,40.81028506,-73.95736456,2736
Morris Ave & E 142 St,40.814469,-73.924963,828
Morris Ave & E 153 St,40.820036,-73.921411,989
Morris Ave & E 171 St,40.83899,-73.9109,42
Morris Ave & McClellan St,40.831584,-73.9149,576
Motorgate,40.7639089,-73.9477213,7342
Mott St & Prince St,40.72317958,-73.99480012,39245
Mount Eden Pkwy & Eastburn Ave,40.842675,-73.908544,17
Mt Morris Park W & W 120 St,40.804038,-73.945925,8362
Murray St & Greenwich St,40.71485151,-74.01122332,27848
Murray St & West St,40.7149787,-74.013012,22355
Myrtle Ave & Grove St,40.69905,-73.91516,1229
Myrtle Ave & Lewis Ave,40.69681963,-73.93756926,6707
Myrtle Ave & Linden St,40.69943,-73.91337,1952
Myrtle Ave & Marcy Ave,40.69539817,-73.94954908,5698
Myrtle Ave & St Edwards St,40.69327018,-73.97703874,7330
N 11 St & Kent Ave,40.72248189,-73.95921931,8886
N 12 St & Bedford Ave,40.72079821,-73.95484712,13281
N 15 St & Wythe Ave,40.724055,-73.955736,4814
N 6 St & Bedford Ave,40.71745169,-73.95850939,27683
NYCBS DEPOT - DELANCEY,40.71644423,-73.98233056,1
Nassau Ave & Newell St,40.72481256,-73.94752622,10086
Nassau Ave & Russell St,40.72557,-73.94434,13666
Nassau St & Navy St,40.69839895,-73.98068914,7654
Nelson Ave & W 172 St,40.843965,-73.920999,827
Newton Rd & 44 St,40.7595701,-73.9142678,5092
Newtown Ave & 23 St,40.7713615,-73.9246145,5857
Norfolk St & Broome St,40.7172274,-73.98802084,32673
Norman St & Wyckoff Ave,40.69517,-73.90311,1606
North Moore St & Greenwich St,40.72019521,-74.01030064,39350
Nostrand Ave & Myrtle Ave,40.69527008,-73.95238108,4402
Ogden Ave & Merriam Ave,40.839142,-73.925961,307
Ogden Ave & W 164 St,40.832812,-73.929372,578
Ogden Ave & W 165 St,40.834457,-73.928381,706
Old Broadway & W 133 St,40.818212,-73.955277,289
Old Fulton St,40.70277159,-73.99383605,26899
Old Slip & Front St,40.7037992,-74.00838676,9362
Onderdonk Ave & Dekalb Ave,40.70863,-73.91497,751
Onderdonk Ave & Gates Ave,40.70413,-73.90737,727
Pacific St & Classon Ave,40.6791944,-73.9587903,2438
Pacific St & Nevins St,40.6853761,-73.98302136,6894
Park Ave & E 124 St,40.8045555,-73.9396861,15887
Park Ave & E 162 St,40.825716,-73.915585,729
Park Ave & Marcus Garvey Blvd,40.698617,-73.941342,4260
Park Ave & St Edwards St,40.69608941,-73.97803415,3124
Park Pl & Church St,40.71334184,-74.00935516,13969
Park Pl & Franklin Ave,40.6741806,-73.9564947,6302
Park Pl & Vanderbilt Ave,40.6767,-73.969024,10581
Pearl St & Hanover Square,40.7047177,-74.00926027,19278
Pearl St & Peck Slip,40.708485,-74.002751,9624
Peck Slip & Front St,40.707873,-74.00167,12669
Perry St & Bleecker St,40.73535398,-74.00483091,29348
Perry St & Greenwich Ave,40.735918,-74.000939,9108
Pershing Square North,40.751873,-73.977706,72437
Pershing Square South,40.751581,-73.97791,32600
Picnic Point,40.6851256,-74.02535319,9612
Pier 40 - Hudson River Park,40.72771408,-74.01129574,54562
Pierrepont St & Monroe Pl,40.69535693,-73.99344027,7636
Pike St & E Broadway,40.71406667,-73.99293911,19744
Pike St & Monroe St,40.71173107,-73.99193043,17652
Pioneer St & Richards St,40.6777748,-74.0094613,2111
Pioneer St & Van Brunt St,40.679043,-74.011169,5530
Pitt St & Stanton St,40.71926081,-73.98178024,6830
Plaza Dr & W 170 St,40.840484,-73.917946,288
Plaza St West & Flatbush Ave,40.6750207,-73.97111473,11769
Pleasant Ave & E 116 St,40.7949879,-73.9333349,13684
Pleasant Ave & E 120 St,40.7974772,-73.9311847,5160
Powers St & Olive St,40.71323,-73.93894,3137
President St & Henry St,40.6828003,-73.99990419,5469
Prospect Ave & E 151 St,40.814232,-73.903927,1208
Prospect Ave & E 167 St,40.826303,-73.898751,30
Prospect Ave & Jennings St,40.831762,-73.896853,95
Prospect Ave & Longwood Ave,40.81899,-73.90202,1123
Prospect Park West & 8 St,40.66514682,-73.97637606,10266
Prospect Pl & 6 Ave,40.6793307,-73.97519523,5329
Prospect Pl & Underhill Ave,40.6769694,-73.96579,5485
Pulaski St & Marcus Garvey Blvd,40.6933982,-73.939877,4376
Putnam Ave & Knickerbocker Ave,40.69545,-73.91164,1612
Putnam Ave & Nostrand Ave,40.68402,-73.94977,4018
Putnam Ave & Throop Ave,40.6851532,-73.94111,5689
Putnam Ave & Wyckoff Ave,40.69811,-73.90904,1745
Queens Plaza North & Crescent St,40.75110165,-73.94073717,23082
Railroad Ave & Kay Ave,40.70531194,-73.97100056,669
Reade St & Broadway,40.71450451,-74.00562789,15471
Richards St & Delavan St,40.6794327,-74.00785041,1820
Richardson St & N Henry St,40.71907891,-73.9422369,7809
River Ave & E 151 St,40.822217,-73.928939,192
River Ave & E 153 St,40.82441,-73.92818,1026
River Ave & McClellan St,40.83406,-73.92243,345
Riverside Blvd & W 67 St,40.77750703,-73.98888588,25404
Riverside Dr & W 104 St,40.8013434,-73.97114574,15260
Riverside Dr & W 138 St,40.823168,-73.955857,3863
Riverside Dr & W 145 St,40.827305,-73.951989,2910
Riverside Dr & W 148 St,40.829114,-73.950426,3623
Riverside Dr & W 72 St,40.78057799,-73.98562431,25817
Riverside Dr & W 78 St,40.78414472,-73.98362492,15585
Riverside Dr & W 82 St,40.78720869,-73.98128127,15765
Riverside Dr & W 91 St,40.79313481,-73.97700369,14159
Rivington St & Chrystie St,40.72110063,-73.9919254,22495
Rivington St & Ridge St,40.71850211,-73.98329859,22290
Rockaway Ave & Bainbridge St,40.68319988,-73.91166642,2829
Roebling St & N 4 St,40.71469,-73.95739,14921
Rogers Ave & Sterling St,40.6630619,-73.9538746,6226
Roosevelt Island Tramway,40.757284,-73.9536,7330
S 3 St & Bedford Ave,40.71260486,-73.96264403,20582
S 4 St & Rodney St,40.70934,-73.95608,11045
S 4 St & Wythe Ave,40.71285887,-73.96590294,32218
S 5 Pl & S 5 St,40.710451,-73.960876,37199
S Portland Ave & Hanson Pl,40.68539567,-73.97431458,8183
Sands St Gate,40.699569,-73.979827,4077
Schermerhorn St & Bond St,40.68841743,-73.98451656,14631
Schermerhorn St & Court St,40.69102926,-73.99183363,10258
Scholes St & Manhattan Ave,40.70870368,-73.9448625,13080
Shakespeare Ave & W 169 St,40.839312,-73.922423,470
Sharon St & Olive St,40.715353,-73.93856,6726
Sheridan Ave & E 168 St,40.835334,-73.9154,502
Sheridan Ave & E 172 St,40.840494,-73.911479,3
Sherman Ave & E 166 St,40.83130549,-73.91744792,182
Sigourney St & Columbia St,40.67267243,-74.00879525,2987
Smith St & 3 St,40.6787242,-73.99599099,7224
Smith St & 9 St,40.6746957,-73.99785768,7250
Soissons Landing,40.69231661,-74.01486576,13863
Somers St & Broadway,40.67945,-73.90474,386
South End Ave & Liberty St,40.711512,-74.015756,29881
South St & Gouverneur Ln,40.70355377,-74.00670227,32149
South St & Whitehall St,40.70122128,-74.01234218,24361
Southern Blvd & Avenue St. John,40.812769,-73.901583,382
Southern Blvd & E 142 St,40.80734744,-73.90809774,204
Southern Blvd & E 149 St,40.811892,-73.904192,10
Southern Blvd & E 172 St,40.834124,-73.88955,528
Southern Blvd & E 175 St,40.839335,-73.886445,7
Southern Blvd & Tiffany St,40.818185,-73.894143,234
Southpoint Park,40.75370225,-73.95865202,3588
Spruce St & Nassau St,40.71146364,-74.00552427,17160
St Ann's Ave & Westchester Ave,40.815887,-73.911918,436
St James Pl & Oliver St,40.71307916,-73.99851193,15458
St James Pl & Pearl St,40.71117416,-74.00016545,8829
St Johns Pl & Washington Ave,40.6737236,-73.9631611,7698
St Marks Pl & 1 Ave,40.72779126,-73.98564945,41242
St Marks Pl & 2 Ave,40.7284186,-73.98713956,38753
St Mary's St & Jackson Ave,40.808891,-73.91081,773
St Nicholas Ave & E 134 St,40.816234,-73.948222,4080
St Nicholas Ave & Manhattan Ave,40.809725,-73.953149,13579
St Nicholas Ave & W 137 St,40.818477,-73.947568,3541
St Nicholas Ave & W 150 St,40.827212,-73.942722,1907
St. Ann's Av & Bruckner Blvd,40.803399,-73.919763,677
St. Ann's Ave & E 144 St,40.811112,-73.914932,659
St. Nicholas Ave & W 126 St,40.8114323,-73.9518776,13075
St. Nicholas Ave & W 155 St,40.830663,-73.941323,1182
St. Nicholas Ave & W 157 St,40.832314,-73.94102,1053
St. Nicholas Terrace & Convent Ave,40.821294,-73.947868,813
Stagg St & Morgan Ave,40.710681,-73.93372,2739
Stagg St & Union Ave,40.70877084,-73.95095259,14566
Stanhope St & Fairview Ave,40.70998,-73.91116,895
Stanton St & Chrystie St,40.72229346,-73.99147535,28724
Stanton St & Mangin St,40.71782143,-73.97628939,14335
Stanton St & Norfolk St,40.720747,-73.986274,23462
State St & Smith St,40.68926942,-73.98912867,11739
Steinway St & 23 Ave,40.7713937,-73.9077436,5232
Steinway St & 28 Ave,40.7656251,-73.9136695,8464
Stephen St & Seneca Ave,40.6988,-73.9007,358
Sterling Pl & Bedford Ave,40.672695,-73.954131,7771
Sterling St & Bedford Ave,40.6627059,-73.9569115,4708
Stewart Ave & Johnson Ave,40.70869,-73.92587,904
Stockholm St & Wilson Ave,40.699304,-73.923044,4533
Stuyvesant Walk & 1 Av Loop,40.73233978,-73.97898383,3866
Suffolk St & Stanton St,40.72066442,-73.98517977,28675
Sullivan Pl & Bedford Ave,40.6642406,-73.9574686,1672
Sullivan Pl & Franklin Ave,40.66407984,-73.96025129,2512
Sullivan St & Washington Sq,40.73047747,-73.99906065,32784
Sunken Meadow Comfort Station,40.79558,-73.91906,385
Suydam St & Broadway,40.69544,-73.93223,3290
Suydam St & Knickerbocker Ave,40.702013,-73.923769,7261
Suydam St & St. Nicholas Ave,40.70636,-73.91945,1049
Throop Ave & Myrtle Ave,40.69622937,-73.94371094,3192
Tinton Ave & E 165 St,40.824796,-73.90242,338
Tompkins Ave & Hopkins St,40.69957608,-73.94708417,4210
Underhill Ave & Lincoln Pl,40.6740123,-73.9671457,8808
Underhill Ave & Pacific St,40.6804836,-73.9646795,6531
Union Ave & E 169 St,40.82995,-73.898802,2
Union Ave & Jackson St,40.7160751,-73.952029,6974
Union Ave & N 12 St,40.71924,-73.95242,20088
Union Ave & Wallabout St,40.70029511,-73.95032283,4521
Union St & 4 Ave,40.6772744,-73.98282002,10014
Union St & Bedford Ave,40.6691783,-73.9554162,3535
Union St & Nevins St,40.679098,-73.98765475,5269
University Ave & W 168 St,40.838706,-73.927034,23
University Pl & E 14 St,40.734814,-73.992085,38234
University Pl & E 14 St,40.73492695,-73.99200509,6999
University Pl & E 8 St,40.73143724,-73.99490342,33536
Van Brunt St & Van Dyke St,40.67583294,-74.01472628,6956
Van Brunt St & Wolcott St,40.6773429,-74.01275056,5266
Van Buren St & Broadway,40.692,-73.92617,2084
Van Sinderen Ave & Truxton St,40.6786,-73.90369,1699
Vernon Blvd & 10 St,40.7671863,-73.9373554,5308
Vernon Blvd & 30 Rd,40.770845,-73.934171,6397
Vernon Blvd & 31 Ave,40.7692475,-73.9354504,5396
Vernon Blvd & 41 Rd,40.7552433,-73.9485678,5066
Vernon Blvd & 47 Rd,40.7449067,-73.9534573,7722
Vernon Blvd & 50 Ave,40.74232744,-73.95411749,14511
Verona Pl & Fulton St,40.68035608,-73.9476791,5481
Vesey Pl & River Terrace,40.7153379,-74.01658354,40143
W 100 St & Broadway,40.7973721,-73.97041192,19704
W 100 St & Manhattan Ave,40.795,-73.9645,16708
W 104 St & Amsterdam Ave,40.79904139,-73.9664948,9664
W 106 St & Amsterdam Ave,40.8008363,-73.96644925,11315
W 106 St & Central Park West,40.7981856,-73.9605909,19646
W 107 St & Columbus Ave,40.7997568,-73.96211287,6535
W 11 St & 6 Ave,40.73532427,-73.99800419,27494
W 110 St & Amsterdam Ave,40.802692,-73.96295,13204
W 113 St & Broadway,40.805973,-73.964928,9994
W 116 St & Amsterdam Ave,40.8067581,-73.9607082,8816
W 116 St & Broadway,40.8082,-73.9641,9316
W 120 St & Claremont Ave,40.8109494,-73.9634,7408
W 129 St & Convent Ave,40.81439444,-73.95324737,3952
W 13 St & 5 Ave,40.735445,-73.99431,32298
W 13 St & 7 Ave,40.73781509,-73.99994661,32887
W 133 St & 12 Ave,40.820003,-73.959089,4254
W 135 St & Lenox Terrace Pl,40.813619,-73.939336,2890
W 140 St & Riverside Dr,40.824013,-73.954743,1114
W 144 St & Adam Clayton Powell Blvd,40.820877,-73.939249,2513
W 145 St & Amsterdam Ave,40.825244,-73.947257,2066
W 146 St & Broadway,40.826969,-73.949738,3046
W 147 St & Adam Clayton Powell Blvd,40.82281,-73.937413,2038
W 148 St & Amsterdam Ave,40.827075,-73.945909,1843
W 15 St & 10 Ave,40.74275383,-74.00747359,27640
W 15 St & 6 Ave,40.73804614,-73.99642959,18317
W 15 St & 7 Ave,40.73935542,-73.99931783,43929
W 155 St & Frederick Douglass Blvd,40.82923,-73.936996,1150
W 159 St & Edgecombe Ave,40.833303,-73.939326,247
W 16 St & The High Line,40.74334935,-74.00681753,28587
W 160 St & St. Nicholas Ave,40.834468,-73.939865,1243
W 163 St & Edgecombe Ave,40.835798,-73.937496,281
W 163 St & Riverside Dr,40.839278,-73.945446,939
W 165 St & Fort Washington Ave,40.84004,-73.942939,2134
W 169 St & Fort Washington Ave,40.8428422,-73.9421253,6685
W 17 St & 8 Ave,40.74177603,-74.00149746,41928
W 170 St & University Ave,40.84207,-73.926075,659
W 171 St & St. Nicholas Ave,40.842941,-73.938631,939
W 18 St & 6 Ave,40.73971301,-73.99456405,30069
W 18 St & 9 Ave,40.74353373,-74.00367558,10065
W 180 St & Ft Washington Ave,40.849972,-73.938423,2382
W 181 St & Riverside Dr,40.85168,-73.94186,1613
W 20 St & 10 Ave,40.745686,-74.005141,5750
W 20 St & 11 Ave,40.746745,-74.007756,43620
W 20 St & 7 Ave,40.74238787,-73.99726235,35430
W 20 St & 8 Ave,40.74345335,-74.00004031,32061
W 21 St & 6 Ave,40.74173969,-73.99415556,76502
W 22 St & 10 Ave,40.74691959,-74.00451887,47370
W 22 St & 8 Ave,40.74475148,-73.99915362,39256
W 24 St & 7 Ave,40.74487634,-73.99529885,46183
W 25 St & 6 Ave,40.74395411,-73.99144871,34897
W 26 St & 10 Ave,40.74971775,-74.00295035,27857
W 26 St & 8 Ave,40.74734825,-73.99723551,39753
W 27 St & 7 Ave,40.746647,-73.993915,37354
W 30 St & 10 Ave,40.752694,-74.002353,19379
W 31 St & 7 Ave,40.749156,-73.9916,43380
W 33 St & 7 Ave,40.75019995,-73.99093085,40323
W 34 St & 11 Ave,40.75594159,-74.0021163,41404
W 35 St & Dyer Ave,40.75469175,-73.99740189,20387
W 36 St & 9 Ave,40.75462324,-73.99516761,3256
W 37 St & 10 Ave,40.75660359,-73.9979009,32831
W 37 St & 5 Ave,40.75038009,-73.98338988,21404
W 38 St & 8 Ave,40.75466591,-73.99138152,27777
W 39 St & 9 Ave,40.75645824,-73.99372222,3
W 4 St & 7 Ave S,40.73401143,-74.00293877,44920
W 40 St & 5 Ave,40.752269,-73.982079,24288
W 41 St & 8 Ave,40.75640548,-73.9900262,48218
W 42 St & 6 Ave,40.75492,-73.98455,11056
W 42 St & 8 Ave,40.7575699,-73.99098507,27797
W 42 St & Dyer Ave,40.75898481,-73.99379969,23576
W 43 St & 10 Ave,40.76009437,-73.99461843,36345
W 44 St & 5 Ave,40.75500254,-73.98014437,23550
W 45 St & 6 Ave,40.7568001,-73.98291153,26701
W 45 St & 8 Ave,40.75929124,-73.98859651,28864
W 46 St & 11 Ave,40.76341379,-73.99667444,29454
W 47 St & 10 Ave,40.76269882,-73.99301222,32208
W 47 St & 6 Ave,40.758397,-73.98255,5485
W 48 St & Rockefeller Plaza,40.75793646,-73.97960275,5351
W 49 St & 8 Ave,40.76227205,-73.98788205,38964
W 50 St & 9 Ave,40.76360468,-73.98917958,25828
W 51 St & 6 Ave,40.7606597,-73.98042047,87
W 51 St & Rockefeller Plaza,40.75969996,-73.97808194,5180
W 52 St & 11 Ave,40.76727216,-73.99392888,21020
W 52 St & 5 Ave,40.75992262,-73.97648516,15653
W 52 St & 6 Ave,40.76132983,-73.97982001,24255
W 53 St & 10 Ave,40.76669671,-73.99061728,32418
W 54 St & 9 Ave,40.76584941,-73.98690506,21718
W 55 St & 6 Ave,40.763189,-73.978434,23007
W 55 St & 6 Ave,40.763201,-73.978458,506
W 56 St & 10 Ave,40.768254,-73.988639,23584
W 59 St & 10 Ave,40.770513,-73.988038,29655
W 63 St & Broadway,40.77163851,-73.98261428,29940
W 64 St & Thelonious Monk Circle,40.77515953,-73.98918696,22458
W 67 St & Broadway,40.77492513,-73.98266566,23725
W 70 St & Amsterdam Ave,40.77748046,-73.98288594,26218
W 74 St & Columbus Ave,40.7785669,-73.97754961,14794
W 76 St & Columbus Ave,40.78018397,-73.97728533,20070
W 78 St & Amsterdam Ave,40.78253586,-73.97908509,11828
W 78 St & Broadway,40.78339981,-73.98093133,6820
W 82 St & Central Park West,40.78275,-73.97137,8331
W 84 St & Broadway,40.7867947,-73.977112,19054
W 84 St & Columbus Ave,40.78499979,-73.97283406,22016
W 87 St & Amsterdam Ave,40.78839,-73.9747,11465
W 87 St & West End Ave,40.789622,-73.97757,10699
W 88 St & West End Ave,40.79025417,-73.9771834,892
W 89 St & Columbus Ave,40.7882213,-73.97041561,21232
W 90 St & Amsterdam Ave,40.79017948,-73.97288918,11326
W 92 St & Broadway,40.7921,-73.9739,11750
W 95 St & Broadway,40.7937704,-73.971888,18992
W Broadway & Spring St,40.72494672,-74.00165856,16194
W Broadway & Spring Street,40.72494672,-74.00165856,12077
W Broadway & W Houston St,40.726378,-74.000472,10195
Wadsworth Ave & W 175 St,40.846052,-73.937648,886
Wadsworth Ave & W 179 St,40.848467,-73.936064,1751
Wales Ave & E 147 St,40.811314,-73.907729,619
Wall St & South St,40.70437,-74.00637,11897
Walnut Ave & E 136 St,40.801657,-73.909513,326
Walton Ave & E 168 St,40.83649,-73.918316,464
Walton Ave & E 171 St,40.840683,-73.915073,267
Wards Meadow Comfort Station,40.78294,-73.93077,894
Warren St & Court St,40.686371,-73.99383324,7601
Warren St & W Broadway,40.71473993,-74.00910627,383
Washington Ave & E 163 St,40.824,-73.91089,73
Washington Ave & E 167 St,40.829896,-73.907618,147
Washington Ave & E 174 St,40.843079,-73.900216,33
Washington Ave & Greene Ave,40.68650065,-73.96563307,7377
Washington Ave & Park Ave,40.69610226,-73.96751037,9923
Washington Park,40.6917823,-73.9737299,9986
Washington Pl & 6 Ave,40.73224119,-74.00026394,26140
Washington Pl & Broadway,40.72903917,-73.99404649,25279
Washington St & Gansevoort St,40.739323,-74.008119,42403
Water - Whitehall Plaza,40.70255065,-74.0127234,12280
Waterbury St & Stagg St,40.71019,-73.93734,3083
Waterloo Pl & Crotona Park East,40.839194,-73.888587,81
Watts St & Greenwich St,40.72405549,-74.00965965,24481
Webster Ave & E 166 St,40.828975,-73.911259,42
West Drive & Prospect Park West,40.66106337,-73.97945255,25703
West End Ave & W 107 St,40.8021174,-73.96818053,10132
West End Ave & W 60 St,40.77237,-73.99005,14170
West End Ave & W 78 St,40.783786,-73.981687,2766
West End Ave & W 94 St,40.7941654,-73.974124,14091
West Farms Rd & Boone Ave,40.830025,-73.886312,77
West St & Chambers St,40.71754834,-74.01322069,75376
West St & Liberty St,40.711444,-74.014847,29567
West Thames St,40.70834698,-74.01713445,29227
Westchester Ave & E 156 St,40.817802,-73.905203,467
Westchester Ave & Jackson Ave,40.816124,-73.908116,1051
Westchester Ave & Longwood Ave,40.819701,-73.901311,581
White St & Johnson Ave,40.707174,-73.93581,1370
White St & Moore St,40.704508,-73.9351,4774
Wilkins Ave & Crotona Park E,40.835302,-73.895133,70
William St & Pine St,40.70717936,-74.00887308,19618
Willis Ave & Bruckner Blvd,40.805701,-73.925177,1245
Willis Ave & E 137 St,40.808384,-73.923604,1370
Willis Ave & E 141 St,40.81093,-73.921606,1259
Willis Ave & E 143 St,40.812299,-73.92037,589
Willoughby Ave & Hall St,40.69196035,-73.96536851,9908
Willoughby Ave & Myrtle Ave,40.69757,-73.93098,4241
Willoughby Ave & Onderdonk Ave,40.7098,-73.91727,739
Willoughby Ave & Tompkins Ave,40.69425403,-73.94626915,6069
Willoughby Ave & Walworth St,40.69331716,-73.95381995,6684
Willoughby Ave & Wyckoff Ave,40.705614,-73.92153,4163
Willoughby St & Ashland Pl,40.69178,-73.97877,1937
Willoughby St & Fleet St,40.69196566,-73.9813018,13894
Willow Ave & E 133 St,40.800933,-73.913863,1711
Wilson Ave & Moffat St,40.68906,-73.90506,1106
Wilson Ave & Troutman St,40.70166,-73.92754,2657
Withers St & Kingsland Ave,40.71773,-73.94051,2475
Wolcott St & Dwight St,40.6753274,-74.0100698,1337
Woodward Ave & Harman St,40.70793,-73.91092,937
Wyckoff Av & Jefferson St,40.707165,-73.923711,5375
Wyckoff Av & Stanhope St,40.703545,-73.917775,3086
Wyckoff St & 3 Ave,40.6827549,-73.98258555,3217
Wyckoff St & Bond St,40.68461654,-73.98721285,1101
Wyckoff St & Nevins St,40.683426,-73.984275,3175
Wythe Ave & Metropolitan Ave,40.716887,-73.963198,25615
Yankee Ferry Terminal,40.686931,-74.016966,11988
